Type,Parameter,Module,Drinking Standard,Standard Agriculture,First Sample, Second  Sample,Third Sample,Fourth Sample,Fifth Sample 
K1,Ag,ppm,-,0.1,0.005,0.005,0.005,0.005,0.005
K1,Al,ppm,0.1(0.2),5,0.18,0.005,0.005,0.03,0.005
K1,As,ppm,0.01,0.1,0.005,0.005,0.005,0.005,0.005
K1,B,ppm,0.5,3,0.005,0.78,0.16,0.29,0.005
K1,Ba,ppm,0.7,1,0.005,0.005,0.005,0.005,0.005
K1,Bi,ppm,-,0.5,0.005,0.005,0.005,0.005,0.005
K1,Br-,ppm,(6)2,-,1.82,26.7,0.88,15.34,11.53
K1,Ca,ppm,300,-,39.7,36.1,43.6,55.4,54.3
K1,Cd,ppm,3,0.01,1,1,1,1,1
K1,Cl-,ppm,250(400),600,156.8,108.1,118.8,69.8,112.2
K1,Co,ppm,-,0.05,0.005,0.005,0.005,0.005,0.005
K1,Cr,ppm,0.05,0.1,0.005,0.005,0.005,0.005,0.005
K1,Cu,ppm,1(2),0.2,0.005,0.005,0.005,0.005,0.005
K1,Electrical Conductivity,mS.cm-1,1.5,3,1.26,0.935,0.983,0.835,0.911
K1,F-,ppm,0.5-1.5,1,0.15,0.33,0.005,0.005,0.005
K1,Fe,ppm,0.3,5,0.005,0.005,0.005,0.005,0.005
K1,Hg,ppm,6,-,1,1,1,1,1
K1,K,ppm,12,-,1.92,1.78,3.88,2.54,1.32
K1,Li,ppm,-,2.5,0.005,0.005,0.005,0.005,0.005
K1,Mg,ppm,30,100,13.87,12.5,10.4,9.34,10.32
K1,Mn,ppm,0.1(0.4),0.2,0.005,0.005,0.005,0.005,0.005
K1,Mo,ppm,0.07,0.01,0.005,0.005,0.25,0.005,0.005
K1,Na,ppm,200,-,325.22,272.6,123.6,92.59,187.2
K1,Ni,ppm,0.07,0.2,0.005,0.005,0.005,0.005,0.005
K1,Opacity,NTU,≤1(5),50,39.14,27.08,4.62,32.71,54.15
K1,Oxygen Solution,ppm,-,2,3.2,2.7,1.3,1.8,0.8
K1,P,ppm,-,-,0.37,69,0.12,0.14,88
K1,Pb,ppm,0.01,1,0.005,0.005,0.005,0.005,0.005
K1,pH,-,6.5-8.5(9),5.4-6.8,8.1,7.85,8.13,7.98,8.45
K1,Sb,ppm,0.02,-,0.005,0.005,0.005,0.005,0.005
K1,Se,ppm,0.01,0.02,0.005,0.005,0.13,0.005,0.005
K1,Si,ppm,-,-,18.16,12.5,8.03,10.3,5.64
K1,Sn,ppm,-,-,0.005,0.005,0.005,0.005,0.005
K1,Sr,ppm,7,-,0.52,0.74,0.75,0.31,0.22
K1,Temperature,◦C,-,-,18.2,24.3,24.5,22.5,19.5
K1,Ti,ppm,0.1,-,0.005,0.005,0.005,0.005,0.005
K1,Tl,ppm,-,-,0.005,0.005,0.005,0.005,0.005
K1,TOC,ppm,2,4,1.874,1.62,3.784,4.71,2.418
K1,Total Soluble Solids,ppm,1000(1500),-,807.4,598.4,498,534.1,582.1
K1,V,ppm,0.1,0.1,0.05,0.74,0.005,0.005,0.005
K1,Zn,ppm,3,2,0.005,0.005,0.005,0.005,0.005
K10,Ag,ppm,-,0.1,0.005,0.005,0.005,0.005,0.005
K10,Al,ppm,0.1(0.2),5,0.005,0.24,0.27,0.18,0.09
K10,As,ppm,0.01,0.1,0.005,0.005,0.005,0.005,0.005
K10,B,ppm,0.5,3,0.005,0.005,0.3,0.11,0.005
K10,Ba,ppm,0.7,1,0.005,0.005,0.005,0.005,0.005
K10,Bi,ppm,-,0.5,0.005,0.005,0.005,0.005,0.005
K10,Br-,ppm,(6)2,-,23.4,1.89,0.005,13.3,52.2
K10,Ca,ppm,300,-,51.7,62.2,69.3,58.4,40.5
K10,Cd,ppm,3,0.01,1,1,1,1,1
K10,Cl-,ppm,250(400),600,37.1,34.2,157.2,92.3,73.8
K10,Co,ppm,-,0.05,0.005,0.005,0.005,0.005,0.005
K10,Cr,ppm,0.05,0.1,0.005,0.005,0.005,0.005,0.005
K10,Cu,ppm,1(2),0.2,0.005,0.005,0.005,0.005,0.005
K10,Electrical Conductivity,mS.cm-1,1.5,3,1.83,1.23,1.28,1.84,1.48
K10,F-,ppm,0.5-1.5,1,0.005,0.005,0.005,0.005,0.74
K10,Fe,ppm,0.3,5,0.11,0.18,0.17,0.29,0.14
K10,Hg,ppm,6,-,1,1,1,1,1
K10,K,ppm,12,-,6.8,12.3,15.6,8.97,18.8
K10,Li,ppm,-,2.5,0.005,0.005,0.005,0.005,0.005
K10,Mg,ppm,30,100,15.1,4.1,17.2,17.4,11.03
K10,Mn,ppm,0.1(0.4),0.2,0.005,0.32,0.72,0.22,0.13
K10,Mo,ppm,0.07,0.01,0.005,0.005,0.12,0.23,0.005
K10,Na,ppm,200,-,100.3,25.4,161.3,75.9,41.3
K10,Ni,ppm,0.07,0.2,0.005,0.005,0.005,0.005,0.005
K10,Opacity,NTU,≤1(5),50,60.84,73.17,88.41,79.47,75.39
K10,Oxygen Solution,ppm,-,2,3.7,2.6,5.6,0.8,1.6
K10,P,ppm,-,-,0.21,0.14,0.23,0.33,0.28
K10,Pb,ppm,0.01,1,0.005,0.005,0.25,0.17,0.005
K10,pH,-,6.5-8.5(9),5.4-6.8,8.13,7.74,8.22,8.43,8.19
K10,Sb,ppm,0.02,-,0.005,0.005,0.005,0.005,0.005
K10,Se,ppm,0.01,0.02,0.005,0.005,0.005,0.005,0.005
K10,Si,ppm,-,-,8.26,8.34,17.6,10.6,7.4
K10,Sn,ppm,-,-,0.005,0.005,0.005,0.005,0.005
K10,Sr,ppm,7,-,0.14,0.25,0.78,1.62,0.9
K10,Temperature,◦C,-,-,21.3,23.2,28.1,29.1,24.9
K10,Ti,ppm,0.1,-,0.005,0.005,0.005,0.005,0.005
K10,Tl,ppm,-,-,0.005,0.005,0.005,0.005,0.005
K10,TOC,ppm,2,4,25.17,11.85,10.11,7.07,26.41
K10,Total Soluble Solids,ppm,1000(1500),-,1171,787.2,819.2,1177,974.2
K10,V,ppm,0.1,0.1,0.005,0.005,0.16,0.005,0.27
K10,Zn,ppm,3,2,0.005,0.005,0.42,0.005,0.005
K11,Ag,ppm,-,0.1,0.005,0.005,0.005,0.005,0.005
K11,Al,ppm,0.1(0.2),5,0.005,0.03,0.0175,0.0175,0.0175
K11,As,ppm,0.01,0.1,0.005,0.005,0.005,0.005,0.005
K11,B,ppm,0.5,3,0.005,0.005,0.005,0.005,0.005
K11,Ba,ppm,0.7,1,0.005,0.005,0.005,0.005,0.005
K11,Bi,ppm,-,0.5,0.005,0.005,0.005,0.005,0.005
K11,Br-,ppm,(6)2,-,187.1,213.7,200.4,200.4,200.4
K11,Ca,ppm,300,-,78.4,89.9,84.2,84.2,84.2
K11,Cd,ppm,3,0.01,1,1,1,1,1
K11,Cl-,ppm,250(400),600,35.7,40.6,38.2,38.2,38.2
K11,Co,ppm,-,0.05,0.005,0.005,0.005,0.005,0.005
K11,Cr,ppm,0.05,0.1,0.005,0.14,0.005,0.005,0.005
K11,Cu,ppm,1(2),0.2,0.005,0.005,0.005,0.005,0.005
K11,Electrical Conductivity,mS.cm-1,1.5,3,1.12,0.924,0.46256,0.46256,0.46256
K11,F-,ppm,0.5-1.5,1,0.005,0.005,0.005,0.005,0.005
K11,Fe,ppm,0.3,5,0.005,0.25,12.5025,12.5025,12.5025
K11,Hg,ppm,6,-,1,1,1,1,1
K11,K,ppm,12,-,4.32,5.57,4.95,4.95,4.95
K11,Li,ppm,-,2.5,0.005,0.005,0.005,0.005,0.005
K11,Mg,ppm,30,100,10.2,7.97,9.085,9.085,9.085
K11,Mn,ppm,0.1(0.4),0.2,0.005,0.005,0.005,0.005,0.005
K11,Mo,ppm,0.07,0.01,0.005,0.005,0.005,0.005,0.005
K11,Na,ppm,200,-,70.3,47.3,58.8,58.8,58.8
K11,Ni,ppm,0.07,0.2,0.005,0.005,0.005,0.005,0.005
K11,Opacity,NTU,≤1(5),50,20.3,14.34,17.32,17.32,17.32
K11,Oxygen Solution,ppm,-,2,4.1,3.4,3.8,3.8,3.8
K11,P,ppm,-,-,0.35,61,30.675,30.675,30.675
K11,Pb,ppm,0.01,1,0.005,0.005,0.005,0.005,0.005
K11,pH,-,6.5-8.5(9),5.4-6.8,7.75,7.81,7.78,7.78,7.78
K11,Sb,ppm,0.02,-,0.005,0.005,0.005,0.005,0.005
K11,Se,ppm,0.01,0.02,0.005,0.41,20.5025,20.5025,20.5025
K11,Si,ppm,-,-,8.29,8.75,8.52,8.52,8.52
K11,Sn,ppm,-,-,0.005,0.005,0.005,0.005,0.005
K11,Sr,ppm,7,-,0.88,0.74,0.81,0.81,0.81
K11,Temperature,◦C,-,-,17.8,20.8,19.3,19.3,19.3
K11,Ti,ppm,0.1,-,0.005,0.005,0.005,0.005,0.005
K11,Tl,ppm,-,-,0.005,0.87,0.005,0.005,0.005
K11,TOC,ppm,2,4,9.245,5.725,7.485,7.485,7.485
K11,Total Soluble Solids,ppm,1000(1500),-,710.6,591.3,651.0,651.0,651.0
K11,V,ppm,0.1,0.1,0.005,0.17,0.0875,0.0875,0.0875
K11,Zn,ppm,3,2,0.005,0.005,0.005,0.005,0.005
K12,Ag,ppm,-,0.1,0.005,0.005,0.005,0.005,0.005
K12,Al,ppm,0.1(0.2),5,0.005,0.005,0.005,0.005,0.005
K12,As,ppm,0.01,0.1,0.005,0.005,0.005,0.005,0.005
K12,B,ppm,0.5,3,0.005,0.005,0.005,0.005,0.005
K12,Ba,ppm,0.7,1,0.005,0.005,0.005,0.005,0.005
K12,Bi,ppm,-,0.5,0.005,0.005,0.005,0.005,0.005
K12,Br-,ppm,(6)2,-,154.1,163.3,158.7,158.7,158.7
K12,Ca,ppm,300,-,74.8,79.3,77.1,77.1,77.1
K12,Cd,ppm,3,0.01,1,1,1,1,1
K12,Cl-,ppm,250(400),600,76.3,81.4,78.9,78.9,78.9
K12,Co,ppm,-,0.05,0.005,0.005,0.005,0.005,0.005
K12,Cr,ppm,0.05,0.1,0.005,0.005,0.005,0.005,0.005
K12,Cu,ppm,1(2),0.2,0.005,0.005,0.005,0.005,0.005
K12,Electrical Conductivity,mS.cm-1,1.5,3,1.36,1.45,1.41,1.41,1.41
K12,F-,ppm,0.5-1.5,1,0.005,0.005,0.005,0.005,0.005
K12,Fe,ppm,0.3,5,0.005,0.005,0.005,0.005,0.005
K12,Hg,ppm,6,-,1,0.25,0.625,0.625,0.625
K12,K,ppm,12,-,2.9,5.05,3.975,3.975,3.975
K12,Li,ppm,-,2.5,0.005,0.005,0.005,0.005,0.005
K12,Mg,ppm,30,100,11.2,12.9,12.1,12.1,12.1
K12,Mn,ppm,0.1(0.4),0.2,0.005,0.005,0.005,0.005,0.005
K12,Mo,ppm,0.07,0.01,0.005,0.25,0.005,0.005,0.005
K12,Na,ppm,200,-,131.1,151.6,141.4,141.4,141.4
K12,Ni,ppm,0.07,0.2,0.005,0.005,0.005,0.005,0.005
K12,Opacity,NTU,≤1(5),50,56.22,48.71,52.47,52.47,52.47
K12,Oxygen Solution,ppm,-,2,1.7,2.4,2.1,2.1,2.1
K12,P,ppm,-,-,0.69,0.26,0.48,0.48,0.48
K12,Pb,ppm,0.01,1,0.005,0.005,0.005,0.005,0.005
K12,pH,-,6.5-8.5(9),5.4-6.8,7.68,7.85,7.77,7.77,7.77
K12,Sb,ppm,0.02,-,0.005,0.005,0.005,0.005,0.005
K12,Se,ppm,0.01,0.02,0.005,0.005,0.005,0.005,0.005
K12,Si,ppm,-,-,9.6,10.7,10.2,10.2,10.2
K12,Sn,ppm,-,-,0.005,0.005,0.005,0.005,0.005
K12,Sr,ppm,7,-,0.67,1.05,0.86,0.86,0.86
K12,Temperature,◦C,-,-,20.1,25.8,23.0,23.0,23.0
K12,Ti,ppm,0.1,-,0.005,0.005,0.005,0.005,0.005
K12,Tl,ppm,-,-,0.005,0.71,0.005,0.005,0.005
K12,TOC,ppm,2,4,8.673,2.784,5.729,5.729,5.729
K12,Total Soluble Solids,ppm,1000(1500),-,871,928,899.5,899.5,899.5
K12,V,ppm,0.1,0.1,0.005,0.62,0.005,0.005,0.005
K12,Zn,ppm,3,2,0.005,0.005,0.005,0.005,0.005
K13,Ag,ppm,-,0.1,0.005,0.005,0.005,0.005,0.005
K13,Al,ppm,0.1(0.2),5,0.005,0.26,0.12,0.13,0.005
K13,As,ppm,0.01,0.1,0.005,0.005,0.005,0.005,0.005
K13,B,ppm,0.5,3,0.005,0.005,0.005,0.005,0.005
K13,Ba,ppm,0.7,1,0.005,0.005,0.005,0.005,0.005
K13,Bi,ppm,-,0.5,0.005,0.005,0.005,0.005,0.005
K13,Br-,ppm,(6)2,-,45.1,168.7,65.6,102.3,106.5
K13,Ca,ppm,300,-,78.3,89.2,88.5,90.3,77.2
K13,Cd,ppm,3,0.01,1,1,1,1,1
K13,Cl-,ppm,250(400),600,79.4,102.5,102.9,72.1,55.6
K13,Co,ppm,-,0.05,0.005,0.005,0.005,0.005,0.005
K13,Cr,ppm,0.05,0.1,0.005,0.17,0.005,0.005,0.005
K13,Cu,ppm,1(2),0.2,0.005,0.005,0.005,0.005,0.005
K13,Electrical Conductivity,mS.cm-1,1.5,3,0.884,0.975,1.19,1.17,0.93
K13,F-,ppm,0.5-1.5,1,0.005,0.005,0.06,0.005,0.02
K13,Fe,ppm,0.3,5,0.11,0.005,0.005,0.005,0.11
K13,Hg,ppm,6,-,0.47,0.65,1,1,0.21
K13,K,ppm,12,-,3.4,0.87,1.33,4.53,1.37
K13,Li,ppm,-,2.5,0.005,0.005,0.005,0.005,0.005
K13,Mg,ppm,30,100,34.3,40.1,32.2,49.1,30.6
K13,Mn,ppm,0.1(0.4),0.2,0.005,0.005,0.005,0.005,0.005
K13,Mo,ppm,0.07,0.01,0.005,0.005,0.005,0.005,0.005
K13,Na,ppm,200,-,87.2,144.7,115.6,64.3,48.2
K13,Ni,ppm,0.07,0.2,0.005,0.005,0.005,0.005,0.005
K13,Opacity,NTU,≤1(5),50,18.33,12.81,10.37,15.41,26.24
K13,Oxygen Solution,ppm,-,2,8.2,6.7,6.9,5.4,3.9
K13,P,ppm,-,-,0.23,0.17,56,0.08,0.63
K13,Pb,ppm,0.01,1,0.005,0.35,0.005,0.06,0.005
K13,pH,-,6.5-8.5(9),5.4-6.8,7.63,7.08,7.18,7.77,8.12
K13,Sb,ppm,0.02,-,0.005,0.005,0.005,0.005,0.005
K13,Se,ppm,0.01,0.02,0.22,0.69,0.2,0.13,0.04
K13,Si,ppm,-,-,9.6,13.3,8.56,9.87,5.96
K13,Sn,ppm,-,-,0.005,0.005,0.005,0.005,0.005
K13,Sr,ppm,7,-,0.92,1.71,1.66,2.14,1.61
K13,Temperature,◦C,-,-,22.2,16.5,18.1,25.9,28.4
K13,Ti,ppm,0.1,-,0.005,0.005,0.005,0.005,0.005
K13,Tl,ppm,-,-,0.005,0.005,0.005,0.005,0.005
K13,TOC,ppm,2,4,0.462,0.454,0.348,0.298,0.483
K13,Total Soluble Solids,ppm,1000(1500),-,565.5,624,765.4,747.2,592.2
K13,V,ppm,0.1,0.1,0.005,0.005,0.005,0.005,0.005
K13,Zn,ppm,3,2,0.005,0.005,0.005,0.005,0.005
K14,Ag,ppm,-,0.1,0.005,0.005,0.005,0.005,0.005
K14,Al,ppm,0.1(0.2),5,0.005,0.32,0.15,0.13,0.005
K14,As,ppm,0.01,0.1,0.005,0.005,0.005,0.005,0.005
K14,B,ppm,0.5,3,0.005,0.005,0.005,0.005,0.005
K14,Ba,ppm,0.7,1,0.005,0.04,0.005,0.005,0.005
K14,Bi,ppm,-,0.5,0.005,0.005,0.005,0.005,0.005
K14,Br-,ppm,(6)2,-,44.1,36.5,42.6,40.4,52.1
K14,Ca,ppm,300,-,79.6,79.6,71.7,80.42,89.2
K14,Cd,ppm,3,0.01,1,1,1,1,1
K14,Cl-,ppm,250(400),600,82.1,71.5,88.7,66.7,52.9
K14,Co,ppm,-,0.05,0.005,0.005,0.005,0.005,0.005
K14,Cr,ppm,0.05,0.1,0.18,0.22,0.005,0.005,0.005
K14,Cu,ppm,1(2),0.2,0.005,0.005,0.005,0.005,0.005
K14,Electrical Conductivity,mS.cm-1,1.5,3,0.914,1.01,1.35,1.22,1.08
K14,F-,ppm,0.5-1.5,1,0.005,0.005,0.005,0.005,0.04
K14,Fe,ppm,0.3,5,0.005,0.005,0.005,0.005,0.005
K14,Hg,ppm,6,-,1,1,1,1,1
K14,K,ppm,12,-,3.1,1.46,1.64,4.69,1.44
K14,Li,ppm,-,2.5,0.005,0.005,0.005,0.005,0.005
K14,Mg,ppm,30,100,35.5,30.4,20.2,52.1,29.8
K14,Mn,ppm,0.1(0.4),0.2,0.005,0.005,0.005,0.005,0.005
K14,Mo,ppm,0.07,0.01,0.005,0.005,0.005,0.005,0.005
K14,Na,ppm,200,-,82.3,75.9,68.3,61.6,47.7
K14,Ni,ppm,0.07,0.2,0.005,0.005,0.005,0.005,0.005
K14,Opacity,NTU,≤1(5),50,18.14,11.97,11.23,16.16,25.81
K14,Oxygen Solution,ppm,-,2,8.4,6.4,5.8,5.6,4.2
K14,P,ppm,-,-,0.23,68,79,0.11,0.69
K14,Pb,ppm,0.01,1,0.21,0.35,0.005,0.11,0.005
K14,pH,-,6.5-8.5(9),5.4-6.8,7.64,7.32,7.45,7.79,8.24
K14,Sb,ppm,0.02,-,0.005,0.005,0.005,0.005,0.005
K14,Se,ppm,0.01,0.02,0.19,0.36,0.84,0.11,0.07
K14,Si,ppm,-,-,10.2,12.9,8.19,10.1,5.45
K14,Sn,ppm,-,-,0.005,0.005,0.005,0.005,0.005
K14,Sr,ppm,7,-,1.21,1.2,1.12,1.63,1.36
K14,Temperature,◦C,-,-,22.3,17.4,19,26.1,28.3
K14,Ti,ppm,0.1,-,0.005,0.005,0.005,0.005,0.005
K14,Tl,ppm,-,-,0.005,0.005,0.005,0.005,0.005
K14,TOC,ppm,2,4,0.421,0.308,0.264,0.113,0.319
K14,Total Soluble Solids,ppm,1000(1500),-,584.7,651.5,864,780.2,690.1
K14,V,ppm,0.1,0.1,0.005,0.005,0.005,0.005,0.005
K14,Zn,ppm,3,2,0.27,0.14,0.005,0.005,0.005
K15,Ag,ppm,-,0.1,0.005,0.005,0.005,0.005,0.005
K15,Al,ppm,0.1(0.2),5,0.005,0.005,0.005,0.13,0.005
K15,As,ppm,0.01,0.1,0.005,0.005,0.005,0.005,0.005
K15,B,ppm,0.5,3,0.005,0.005,0.005,0.005,0.005
K15,Ba,ppm,0.7,1,0.005,0.005,0.005,0.005,0.005
K15,Bi,ppm,-,0.5,0.005,0.005,0.005,0.005,0.005
K15,Br-,ppm,(6)2,-,8.63,9.38,12.8,14.44,9.62
K15,Ca,ppm,300,-,64.2,54.3,49.8,55.13,69.5
K15,Cd,ppm,3,0.01,1,1,1,1,1
K15,Cl-,ppm,250(400),600,78.1,46.6,45.9,30.3,27.8
K15,Co,ppm,-,0.05,0.005,0.005,0.005,0.005,0.005
K15,Cr,ppm,0.05,0.1,0.005,0.005,0.005,0.005,0.005
K15,Cu,ppm,1(2),0.2,0.005,0.005,0.005,0.005,0.005
K15,Electrical Conductivity,mS.cm-1,1.5,3,0.88,0.42,0.643,0.51,0.392
K15,F-,ppm,0.5-1.5,1,0.33,0.39,0.82,0.18,0.72
K15,Fe,ppm,0.3,5,0.08,0.51,0.31,0.005,0.07
K15,Hg,ppm,6,-,1,1,1,1,1
K15,K,ppm,12,-,2.9,1.6,1.66,5.66,3.71
K15,Li,ppm,-,2.5,0.005,0.005,0.005,0.005,0.005
K15,Mg,ppm,30,100,22.5,17.3,13.4,20.2,16.8
K15,Mn,ppm,0.1(0.4),0.2,0.005,0.005,0.005,0.005,0.005
K15,Mo,ppm,0.07,0.01,0.005,0.005,0.005,0.005,0.005
K15,Na,ppm,200,-,80.6,56.2,48.3,32.1,29.8
K15,Ni,ppm,0.07,0.2,0.005,0.005,0.005,0.005,0.005
K15,Opacity,NTU,≤1(5),50,17.37,28.76,22.47,40.18,46.43
K15,Oxygen Solution,ppm,-,2,9.1,7.5,7.2,5.1,4.3
K15,P,ppm,-,-,0.95,0.98,0.005,0.43,0.005
K15,Pb,ppm,0.01,1,0.005,0.005,0.005,0.11,0.005
K15,pH,-,6.5-8.5(9),5.4-6.8,7.63,7.82,8.1,8.21,8.13
K15,Sb,ppm,0.02,-,0.005,0.005,0.005,0.005,0.005
K15,Se,ppm,0.01,0.02,0.22,0.18,0.96,0.21,0.06
K15,Si,ppm,-,-,10.7,9.8,6.43,8.66,8.71
K15,Sn,ppm,-,-,0.005,0.005,0.005,0.005,0.005
K15,Sr,ppm,7,-,1.01,0.67,0.6,0.81,0.53
K15,Temperature,◦C,-,-,13.3,16.3,18.6,24.5,20.5
K15,Ti,ppm,0.1,-,0.005,0.005,0.005,0.005,0.005
K15,Tl,ppm,-,-,0.005,0.005,0.005,0.005,0.005
K15,TOC,ppm,2,4,0.621,0.459,0.752,0.445,0.814
K15,Total Soluble Solids,ppm,1000(1500),-,563.2,268.8,411.5,324.5,250.1
K15,V,ppm,0.1,0.1,0.005,0.005,0.005,0.005,0.005
K15,Zn,ppm,3,2,0.005,0.005,0.005,0.005,0.005
K16,Ag,ppm,-,0.1,0.005,0.005,0.005,0.005,0.005
K16,Al,ppm,0.1(0.2),5,0.005,0.52,0.15,0.13,0.005
K16,As,ppm,0.01,0.1,0.005,0.005,0.005,0.005,0.005
K16,B,ppm,0.5,3,0.005,0.005,0.005,0.005,0.005
K16,Ba,ppm,0.7,1,0.71,0.12,0.005,0.005,0.005
K16,Bi,ppm,-,0.5,0.005,0.005,0.005,0.005,0.005
K16,Br-,ppm,(6)2,-,48.07,50.2,47.9,72.11,87.13
K16,Ca,ppm,300,-,177.1,132.7,142.2,92.7,79.4
K16,Cd,ppm,3,0.01,1,1,1,1,1
K16,Cl-,ppm,250(400),600,44.8,100.3,134.7,58.3,88.2
K16,Co,ppm,-,0.05,0.005,0.005,0.005,0.005,0.005
K16,Cr,ppm,0.05,0.1,0.005,0.22,0.005,0.005,0.005
K16,Cu,ppm,1(2),0.2,0.005,0.005,0.005,0.005,0.005
K16,Electrical Conductivity,mS.cm-1,1.5,3,0.894,0.724,0.922,0.63,0.87
K16,F-,ppm,0.5-1.5,1,0.02,0.005,0.14,0.06,0.005
K16,Fe,ppm,0.3,5,0.02,0.005,0.005,0.005,0.07
K16,Hg,ppm,6,-,0.11,0.13,0.15,1,1
K16,K,ppm,12,-,1.3,1.82,2.01,3.9,2.21
K16,Li,ppm,-,2.5,0.005,0.005,0.005,0.005,0.005
K16,Mg,ppm,30,100,27.1,23.3,17.3,20.2,18.9
K16,Mn,ppm,0.1(0.4),0.2,0.005,0.005,0.005,0.005,0.005
K16,Mo,ppm,0.07,0.01,0.005,0.005,0.005,0.005,0.005
K16,Na,ppm,200,-,44.1,32.4,25.8,30.3,19.87
K16,Ni,ppm,0.07,0.2,0.005,0.005,0.005,0.005,0.005
K16,Opacity,NTU,≤1(5),50,22.33,12.27,14.4,10.21,8.86
K16,Oxygen Solution,ppm,-,2,8.3,6.1,6.3,7.2,5.3
K16,P,ppm,-,-,0.03,0.11,62,0.24,0.31
K16,Pb,ppm,0.01,1,0.005,0.48,0.005,0.11,0.005
K16,pH,-,6.5-8.5(9),5.4-6.8,7.2,7.32,7.21,7.78,7.92
K16,Sb,ppm,0.02,-,0.005,0.005,0.005,0.005,0.005
K16,Se,ppm,0.01,0.02,0.31,0.26,0.13,0.32,0.07
K16,Si,ppm,-,-,10.9,8.3,5.71,8.54,7.61
K16,Sn,ppm,-,-,0.005,0.005,0.005,0.005,0.005
K16,Sr,ppm,7,-,1.14,1.36,1.17,0.92,1.28
K16,Temperature,◦C,-,-,15.8,18.4,23,24.9,21.3
K16,Ti,ppm,0.1,-,0.005,0.005,0.005,0.005,0.005
K16,Tl,ppm,-,-,0.005,0.005,0.005,0.005,0.005
K16,TOC,ppm,2,4,0.281,0.349,0.131,0.286,0.296
K16,Total Soluble Solids,ppm,1000(1500),-,577.8,463.3,590,411.2,556.1
K16,V,ppm,0.1,0.1,0.005,0.005,0.53,0.005,0.005
K16,Zn,ppm,3,2,0.005,0.73,0.18,0.005,0.005
K17,Ag,ppm,-,0.1,0.005,0.005,0.005,0.005,0.005
K17,Al,ppm,0.1(0.2),5,0.16,0.64,0.13,0.21,0.09
K17,As,ppm,0.01,0.1,0.005,0.005,0.005,0.005,0.005
K17,B,ppm,0.5,3,0.005,0.005,0.005,0.005,0.005
K17,Ba,ppm,0.7,1,0.005,0.03,0.005,0.005,0.005
K17,Bi,ppm,-,0.5,0.005,0.005,0.005,0.005,0.005
K17,Br-,ppm,(6)2,-,1.07,0.95,0.41,0.08,0.92
K17,Ca,ppm,300,-,40.2,45.7,44.8,54.3,68.4
K17,Cd,ppm,3,0.01,1,1,1,1,1
K17,Cl-,ppm,250(400),600,29.3,36.2,38.9,28.4,30.07
K17,Co,ppm,-,0.05,0.005,0.005,0.005,0.005,0.005
K17,Cr,ppm,0.05,0.1,0.005,0.005,0.005,0.005,0.005
K17,Cu,ppm,1(2),0.2,0.005,0.005,0.005,0.005,0.005
K17,Electrical Conductivity,mS.cm-1,1.5,3,0.101,0.147,0.587,0.121,0.92
K17,F-,ppm,0.5-1.5,1,0.005,0.005,0.005,0.005,0.005
K17,Fe,ppm,0.3,5,0.005,0.005,0.005,0.005,0.005
K17,Hg,ppm,6,-,1,1,1,1,1
K17,K,ppm,12,-,0.31,0.88,0.59,1.08,0.91
K17,Li,ppm,-,2.5,0.005,0.005,0.005,0.005,0.005
K17,Mg,ppm,30,100,7.87,6.55,4.27,12.1,7.88
K17,Mn,ppm,0.1(0.4),0.2,0.005,0.005,0.005,0.005,0.005
K17,Mo,ppm,0.07,0.01,0.005,0.005,0.005,0.005,0.005
K17,Na,ppm,200,-,22.03,22.3,9.16,16.16,9.84
K17,Ni,ppm,0.07,0.2,0.005,0.005,0.005,0.005,0.005
K17,Opacity,NTU,≤1(5),50,17.87,11.9,13.45,9.86,10.45
K17,Oxygen Solution,ppm,-,2,8.4,8.1,7.5,6.9,7.2
K17,P,ppm,-,-,0.005,0.15,0.005,0.14,0.25
K17,Pb,ppm,0.01,1,0.005,0.005,0.005,0.005,0.005
K17,pH,-,6.5-8.5(9),5.4-6.8,7.32,7.81,8.04,7.62,8.03
K17,Sb,ppm,0.02,-,0.005,0.005,0.005,0.005,0.005
K17,Se,ppm,0.01,0.02,0.31,0.24,0.54,0.11,0.07
K17,Si,ppm,-,-,2.33,3.76,2.82,1.54,4.65
K17,Sn,ppm,-,-,0.005,0.005,0.005,0.005,0.005
K17,Sr,ppm,7,-,0.43,0.3,0.25,0.88,0.52
K17,Temperature,◦C,-,-,14.9,13.8,15.7,24.2,19.1
K17,Ti,ppm,0.1,-,0.005,0.005,0.005,0.005,0.005
K17,Tl,ppm,-,-,0.005,0.005,0.005,0.005,0.005
K17,TOC,ppm,2,4,0.663,0.57,1.668,0.871,1.591
K17,Total Soluble Solids,ppm,1000(1500),-,64.6,94,375.6,77.4,588.8
K17,V,ppm,0.1,0.1,0.005,0.005,0.005,0.005,0.27
K17,Zn,ppm,3,2,0.005,0.005,0.005,0.005,0.005
K18,Ag,ppm,-,0.1,0.005,0.005,0.005,0.005,0.005
K18,Al,ppm,0.1(0.2),5,0.21,0.88,0.15,0.25,0.17
K18,As,ppm,0.01,0.1,0.005,0.005,0.005,0.005,0.005
K18,B,ppm,0.5,3,0.005,0.005,0.005,0.11,0.21
K18,Ba,ppm,0.7,1,0.005,0.04,0.005,0.06,0.005
K18,Bi,ppm,-,0.5,0.005,0.005,0.005,0.005,0.005
K18,Br-,ppm,(6)2,-,0.02,0.005,0.005,0.005,0.005
K18,Ca,ppm,300,-,62.6,74.6,46.4,78.3,42.3
K18,Cd,ppm,3,0.01,1,1,1,1,1
K18,Cl-,ppm,250(400),600,20.8,15.7,18.9,22.7,26.6
K18,Co,ppm,-,0.05,0.005,0.005,0.005,0.005,0.005
K18,Cr,ppm,0.05,0.1,0.005,0.005,0.005,0.005,0.005
K18,Cu,ppm,1(2),0.2,0.005,0.005,0.005,0.005,0.005
K18,Electrical Conductivity,mS.cm-1,1.5,3,0.447,0.214,0.375,0.751,0.547
K18,F-,ppm,0.5-1.5,1,0.005,0.31,0.005,0.005,0.005
K18,Fe,ppm,0.3,5,0.005,0.53,0.005,0.12,0.14
K18,Hg,ppm,6,-,1,1,1,1,1
K18,K,ppm,12,-,4.41,12.1,0.62,7.82,16.93
K18,Li,ppm,-,2.5,0.005,0.005,0.005,0.005,0.005
K18,Mg,ppm,30,100,13.81,14.7,4.36,10.2,5.55
K18,Mn,ppm,0.1(0.4),0.2,0.005,0.19,0.005,0.21,0.18
K18,Mo,ppm,0.07,0.01,0.005,0.005,0.005,0.005,0.005
K18,Na,ppm,200,-,69.9,110.5,9.57,213.1,125.3
K18,Ni,ppm,0.07,0.2,0.005,0.005,0.005,0.005,0.005
K18,Opacity,NTU,≤1(5),50,17.29,12.37,14.45,9.89,12.4
K18,Oxygen Solution,ppm,-,2,8.4,8.9,8.7,7.1,7.2
K18,P,ppm,-,-,1.24,2.65,0.005,0.32,0.83
K18,Pb,ppm,0.01,1,0.005,0.005,0.005,0.005,0.005
K18,pH,-,6.5-8.5(9),5.4-6.8,8.1,8.4,7.87,8.56,8.32
K18,Sb,ppm,0.02,-,0.005,0.005,0.005,0.005,0.005
K18,Se,ppm,0.01,0.02,0.64,0.84,0.09,0.28,0.51
K18,Si,ppm,-,-,2.91,10.6,2.88,10.32,15.43
K18,Sn,ppm,-,-,0.005,0.005,0.005,0.005,0.005
K18,Sr,ppm,7,-,1.28,0.95,0.26,1.25,0.13
K18,Temperature,◦C,-,-,15.1,13.2,16.6,20.3,17.9
K18,Ti,ppm,0.1,-,0.005,0.005,0.005,0.005,0.005
K18,Tl,ppm,-,-,0.005,0.005,0.005,0.005,0.005
K18,TOC,ppm,2,4,0.549,0.523,0.3,0.337,0.611
K18,Total Soluble Solids,ppm,1000(1500),-,414,136.9,240,470,534
K18,V,ppm,0.1,0.1,0.005,0.005,0.005,0.005,0.005
K18,Zn,ppm,3,2,0.005,0.005,0.005,0.005,0.005
K19,Ag,ppm,-,0.1,0.005,0.005,0.005,0.005,0.005
K19,Al,ppm,0.1(0.2),5,0.16,0.65,0.22,0.33,0.14
K19,As,ppm,0.01,0.1,0.005,0.005,0.005,0.005,0.005
K19,B,ppm,0.5,3,0.005,0.005,0.13,0.11,0.21
K19,Ba,ppm,0.7,1,0.005,0.005,0.005,0.005,0.005
K19,Bi,ppm,-,0.5,0.005,0.005,0.005,0.005,0.005
K19,Br-,ppm,(6)2,-,2.59,1.85,0.95,0.77,1.22
K19,Ca,ppm,300,-,52.13,44.5,90.1,112.4,126.3
K19,Cd,ppm,3,0.01,1,1,1,1,1
K19,Cl-,ppm,250(400),600,228.9,134.9,243.7,135.4,177.89
K19,Co,ppm,-,0.05,0.005,0.005,0.005,0.005,0.005
K19,Cr,ppm,0.05,0.1,0.005,0.005,0.005,0.005,0.005
K19,Cu,ppm,1(2),0.2,0.005,0.005,0.005,0.005,0.005
K19,Electrical Conductivity,mS.cm-1,1.5,3,2.01,1.54,1.88,1.99,1.03
K19,F-,ppm,0.5-1.5,1,7.81,0.005,9.32,6.45,1.03
K19,Fe,ppm,0.3,5,0.005,0.005,0.12,0.005,0.14
K19,Hg,ppm,6,-,1,1,2,1,1
K19,K,ppm,12,-,0.39,0.82,16.5,18.3,21.2
K19,Li,ppm,-,2.5,0.005,0.005,0.005,0.005,0.005
K19,Mg,ppm,30,100,24.12,5.23,28,29.2,17.8
K19,Mn,ppm,0.1(0.4),0.2,0.005,0.005,0.19,0.005,0.31
K19,Mo,ppm,0.07,0.01,0.005,0.005,0.005,0.005,0.005
K19,Na,ppm,200,-,231.03,111.1,304.9,422.3,296.9
K19,Ni,ppm,0.07,0.2,0.005,0.005,0.005,0.005,0.005
K19,Opacity,NTU,≤1(5),50,80.21,78.42,59.36,61.24,55.09
K19,Oxygen Solution,ppm,-,2,2,1.1,0.9,0.4,0.2
K19,P,ppm,-,-,7.63,0.11,1.48,6.78,8.11
K19,Pb,ppm,0.01,1,0.005,0.005,0.005,0.005,0.005
K19,pH,-,6.5-8.5(9),5.4-6.8,8.24,8,7.9,8.32,8.43
K19,Sb,ppm,0.02,-,0.005,0.005,0.005,0.005,0.005
K19,Se,ppm,0.01,0.02,0.21,0.005,0.23,0.33,0.92
K19,Si,ppm,-,-,4.88,3.95,8.56,11.28,16.93
K19,Sn,ppm,-,-,0.005,0.005,0.005,0.005,0.005
K19,Sr,ppm,7,-,1.14,0.25,1.68,1.11,0.08
K19,Temperature,◦C,-,-,14.8,23.7,25.7,21,18.1
K19,Ti,ppm,0.1,-,0.005,0.005,0.005,0.005,0.005
K19,Tl,ppm,-,-,0.005,0.005,0.005,0.005,0.005
K19,TOC,ppm,2,4,28.37,19.58,11.56,17.47,14.87
K19,Total Soluble Solids,ppm,1000(1500),-,1286,986.2,1207,1278,654.6
K19,V,ppm,0.1,0.1,0.4,0.09,0.5,0.02,0.005
K19,Zn,ppm,3,2,0.005,0.005,0.005,0.005,0.005
K2,Ag,ppm,-,0.1,0.005,0.005,0.005,0.005,0.005
K2,Al,ppm,0.1(0.2),5,0.005,0.005,0.005,0.03,0.005
K2,As,ppm,0.01,0.1,0.005,0.005,0.005,0.005,0.005
K2,B,ppm,0.5,3,0.005,0.54,0.12,0.23,0.08
K2,Ba,ppm,0.7,1,0.005,0.005,0.005,0.005,0.005
K2,Bi,ppm,-,0.5,0.005,0.005,0.005,0.005,0.005
K2,Br-,ppm,(6)2,-,10.24,0.005,1.73,6.38,11.22
K2,Ca,ppm,300,-,40.24,43.9,42.1,45.8,44.86
K2,Cd,ppm,3,0.01,1,1,1,1,1
K2,Cl-,ppm,250(400),600,122.4,98.3,110.7,49.8,50.85
K2,Co,ppm,-,0.05,0.005,0.005,0.005,0.005,0.005
K2,Cr,ppm,0.05,0.1,0.005,0.005,0.005,0.005,0.005
K2,Cu,ppm,1(2),0.2,0.005,0.005,0.005,0.005,0.005
K2,Electrical Conductivity,mS.cm-1,1.5,3,1.26,0.934,0.887,0.565,0.493
K2,F-,ppm,0.5-1.5,1,0.15,0.4,0.005,0.005,0.16
K2,Fe,ppm,0.3,5,0.005,0.005,0.25,0.31,0.005
K2,Hg,ppm,6,-,1,1,1,1,1
K2,K,ppm,12,-,2.33,3.47,5.18,3.19,0.89
K2,Li,ppm,-,2.5,0.005,0.005,0.005,0.005,0.005
K2,Mg,ppm,30,100,12.63,11.5,9.37,8.42,8.88
K2,Mn,ppm,0.1(0.4),0.2,0.005,0.005,0.27,0.34,0.005
K2,Mo,ppm,0.07,0.01,0.005,0.005,0.26,0.14,0.31
K2,Na,ppm,200,-,244.65,247.1,174.6,46.92,32.64
K2,Ni,ppm,0.07,0.2,0.005,0.005,0.005,0.005,0.005
K2,Opacity,NTU,≤1(5),50,38.61,27.17,4.57,33.22,53.75
K2,Oxygen Solution,ppm,-,2,3.5,2.7,1.9,1.7,0.7
K2,P,ppm,-,-,0.21,0.3,0.005,0.005,0.005
K2,Pb,ppm,0.01,1,0.005,0.005,0.005,0.005,0.005
K2,pH,-,6.5-8.5(9),5.4-6.8,8.24,7.89,8.54,8.32,8.78
K2,Sb,ppm,0.02,-,0.005,0.005,0.005,0.005,0.005
K2,Se,ppm,0.01,0.02,0.005,0.005,0.14,0.08,0.07
K2,Si,ppm,-,-,22.3,12.2,7.9,6.3,5.2
K2,Sn,ppm,-,-,0.005,0.005,0.005,0.005,0.005
K2,Sr,ppm,7,-,1.03,0.65,0.67,0.43,0.54
K2,Temperature,◦C,-,-,18.3,24.5,24.3,22.6,20.1
K2,Ti,ppm,0.1,-,0.005,0.005,0.005,0.005,0.005
K2,Tl,ppm,-,-,0.005,0.005,0.005,0.005,0.005
K2,TOC,ppm,2,4,1.674,1.668,2.016,1.259,1.461
K2,Total Soluble Solids,ppm,1000(1500),-,806.4,597.7,567.6,361.6,315.5
K2,V,ppm,0.1,0.1,0.005,0.005,0.005,0.005,0.005
K2,Zn,ppm,3,2,0.005,0.005,0.005,0.005,0.005
K3,Ag,ppm,-,0.1,0.005,0.005,0.005,0.005,0.005
K3,Al,ppm,0.1(0.2),5,0.11,0.28,0.74,0.03,0.005
K3,As,ppm,0.01,0.1,0.005,0.005,0.005,0.005,0.005
K3,B,ppm,0.5,3,0.005,0.005,0.35,0.41,0.11
K3,Ba,ppm,0.7,1,0.06,0.11,0.41,0.67,0.23
K3,Bi,ppm,-,0.5,0.005,0.005,0.005,0.005,0.005
K3,Br-,ppm,(6)2,-,86.4,93.3,415.8,98.7,312.1
K3,Ca,ppm,300,-,45.24,78.8,98.7,50.1,49.3
K3,Cd,ppm,3,0.01,1,1,1,1,1
K3,Cl-,ppm,250(400),600,228.7,42.5,100.2,52.43,48.7
K3,Co,ppm,-,0.05,0.005,0.005,0.005,0.005,0.005
K3,Cr,ppm,0.05,0.1,0.005,0.005,0.005,0.005,0.005
K3,Cu,ppm,1(2),0.2,0.005,0.005,0.005,0.005,0.005
K3,Electrical Conductivity,mS.cm-1,1.5,3,1.18,1.34,1.52,1.18,1.38
K3,F-,ppm,0.5-1.5,1,0.06,0.005,15,0.21,0.14
K3,Fe,ppm,0.3,5,0.005,0.27,0.63,0.32,0.88
K3,Hg,ppm,6,-,0.18,0.12,1,1,1
K3,K,ppm,12,-,4.85,9.81,41.01,32.1,28.7
K3,Li,ppm,-,2.5,0.005,0.005,0.005,0.005,0.005
K3,Mg,ppm,30,100,6.54,7.97,25.2,28.7,23.2
K3,Mn,ppm,0.1(0.4),0.2,0.005,0.005,0.2,0.12,0.005
K3,Mo,ppm,0.07,0.01,0.005,0.005,0.33,0.19,0.26
K3,Na,ppm,200,-,287.52,247.3,144.4,154.9,138.7
K3,Ni,ppm,0.07,0.2,0.005,0.005,0.005,0.005,0.005
K3,Opacity,NTU,≤1(5),50,39.74,25.54,15.67,35.01,28.5
K3,Oxygen Solution,ppm,-,2,4.2,3.1,2.3,1.6,1.2
K3,P,ppm,-,-,0.17,0.26,0.88,0.24,0.32
K3,Pb,ppm,0.01,1,0.005,0.02,0.005,0.005,0.005
K3,pH,-,6.5-8.5(9),5.4-6.8,7.99,7.36,8.12,8.24,7.87
K3,Sb,ppm,0.02,-,0.005,0.005,0.005,0.005,0.005
K3,Se,ppm,0.01,0.02,0.005,0.005,0.23,0.32,0.29
K3,Si,ppm,-,-,7.3,9.65,8.6,6.94,4.24
K3,Sn,ppm,-,-,0.005,0.005,0.005,0.005,0.005
K3,Sr,ppm,7,-,0.94,0.47,1.28,2.62,0.87
K3,Temperature,◦C,-,-,18.8,19.2,25.2,23.36,21.85
K3,Ti,ppm,0.1,-,0.005,0.005,0.005,0.005,0.005
K3,Tl,ppm,-,-,0.005,0.005,0.005,0.005,0.005
K3,TOC,ppm,2,4,17.43,16.73,10.87,14.79,15.23
K3,Total Soluble Solids,ppm,1000(1500),-,755.3,858.2,972.5,755.1,883.2
K3,V,ppm,0.1,0.1,0.005,0.005,0.005,0.005,0.005
K3,Zn,ppm,3,2,0.005,0.005,0.005,0.005,0.005
K4,Ag,ppm,-,0.1,0.005,0.005,0.005,0.005,0.005
K4,Al,ppm,0.1(0.2),5,0.005,0.29,0.97,0.03,0.005
K4,As,ppm,0.01,0.1,0.005,0.005,0.005,0.005,0.005
K4,B,ppm,0.5,3,0.005,0.92,0.35,0.43,0.08
K4,Ba,ppm,0.7,1,0.1,0.49,0.53,0.52,0.48
K4,Bi,ppm,-,0.5,0.005,0.005,0.005,0.005,0.005
K4,Br-,ppm,(6)2,-,298.3,310.1,426.1,412.5,269.7
K4,Ca,ppm,300,-,57.1,133.3,111.9,58.2,60.4
K4,Cd,ppm,3,0.01,1,1,1,1,1
K4,Cl-,ppm,250(400),600,227.7,249.3,34.2,48.4,42.3
K4,Co,ppm,-,0.05,0.005,0.005,0.005,0.005,0.005
K4,Cr,ppm,0.05,0.1,0.005,0.005,0.005,0.005,0.005
K4,Cu,ppm,1(2),0.2,0.005,0.005,0.005,0.005,0.005
K4,Electrical Conductivity,mS.cm-1,1.5,3,1.21,1.35,1.58,1.22,1.41
K4,F-,ppm,0.5-1.5,1,0.23,0.005,0.005,0.005,0.12
K4,Fe,ppm,0.3,5,0.005,0.59,0.63,0.33,0.11
K4,Hg,ppm,6,-,1,1,1,1,1
K4,K,ppm,12,-,5.1,40.3,42.4,34.21,30.2
K4,Li,ppm,-,2.5,0.005,0.18,0.005,0.005,0.005
K4,Mg,ppm,30,100,7.8,22.2,26.1,30.8,25.4
K4,Mn,ppm,0.1(0.4),0.2,0.09,0.26,0.2,0.18,0.31
K4,Mo,ppm,0.07,0.01,0.005,0.37,0.33,0.27,0.32
K4,Na,ppm,200,-,287.52,223.5,144.4,154.9,138.7
K4,Ni,ppm,0.07,0.2,0.005,0.005,0.005,0.005,0.005
K4,Opacity,NTU,≤1(5),50,38.4,26.18,14.95,35.02,26.84
K4,Oxygen Solution,ppm,-,2,5.1,2.9,1.8,2.2,2
K4,P,ppm,-,-,0.23,0.22,0.88,0.43,0.28
K4,Pb,ppm,0.01,1,0.005,0.005,0.005,0.005,0.005
K4,pH,-,6.5-8.5(9),5.4-6.8,8.1,7.34,8.13,8.31,7.67
K4,Sb,ppm,0.02,-,0.005,0.005,0.005,0.005,0.005
K4,Se,ppm,0.01,0.02,0.005,0.02,0.23,0.28,0.31
K4,Si,ppm,-,-,8.2,17.7,12.9,6.87,5.1
K4,Sn,ppm,-,-,0.005,0.005,0.005,0.005,0.005
K4,Sr,ppm,7,-,0.86,1.43,1.28,2.8,1.1
K4,Temperature,◦C,-,-,19,19.5,25.6,23.4,22.1
K4,Ti,ppm,0.1,-,0.005,0.005,0.005,0.005,0.005
K4,Tl,ppm,-,-,0.005,0.005,0.005,0.005,0.005
K4,TOC,ppm,2,4,24.21,82.54,24.97,54.71,36.14
K4,Total Soluble Solids,ppm,1000(1500),-,774.1,864,1011,780.7,902.4
K4,V,ppm,0.1,0.1,0.005,0.005,0.005,0.005,0.005
K4,Zn,ppm,3,2,0.005,0.005,0.005,0.005,0.005
K5,Ag,ppm,-,0.1,0.005,0.005,0.005,0.005,0.005
K5,Al,ppm,0.1(0.2),5,0.005,0.005,0.005,0.005,0.005
K5,As,ppm,0.01,0.1,0.005,0.005,0.005,0.005,0.005
K5,B,ppm,0.5,3,0.005,0.005,0.005,0.005,0.005
K5,Ba,ppm,0.7,1,0.005,0.005,0.005,0.005,0.005
K5,Bi,ppm,-,0.5,0.005,0.005,0.005,0.005,0.005
K5,Br-,ppm,(6)2,-,8.4,3.21,18.5,12.3,6.8
K5,Ca,ppm,300,-,47.3,34.1,61.3,56.2,39.8
K5,Cd,ppm,3,0.01,1,1,1,1,1
K5,Cl-,ppm,250(400),600,25.5,17.9,63.5,19.8,17.6
K5,Co,ppm,-,0.05,0.005,0.005,0.005,0.005,0.005
K5,Cr,ppm,0.05,0.1,0.005,0.005,0.005,0.005,0.005
K5,Cu,ppm,1(2),0.2,0.005,0.005,0.005,0.005,0.005
K5,Electrical Conductivity,mS.cm-1,1.5,3,0.981,1.02,0.83,0.682,0.797
K5,F-,ppm,0.5-1.5,1,0.005,0.005,0.005,22,0.08
K5,Fe,ppm,0.3,5,0.005,0.22,0.44,0.13,0.005
K5,Hg,ppm,6,-,1,1,1,1,1
K5,K,ppm,12,-,4.2,8.26,9.55,13.21,6.2
K5,Li,ppm,-,2.5,0.005,0.005,0.005,0.005,0.005
K5,Mg,ppm,30,100,4.2,3.04,2.97,2.9,6.7
K5,Mn,ppm,0.1(0.4),0.2,0.005,0.005,0.005,0.005,0.005
K5,Mo,ppm,0.07,0.01,0.005,0.005,0.005,0.005,0.005
K5,Na,ppm,200,-,86.52,27,55.6,53.9,49.5
K5,Ni,ppm,0.07,0.2,0.005,0.005,0.005,0.005,0.005
K5,Opacity,NTU,≤1(5),50,48.2,54.3,20.45,26.89,25.4
K5,Oxygen Solution,ppm,-,2,3.9,3.1,2.3,1.7,2.2
K5,P,ppm,-,-,0.05,89,0.11,0.36,0.25
K5,Pb,ppm,0.01,1,0.005,0.005,0.005,0.005,0.005
K5,pH,-,6.5-8.5(9),5.4-6.8,7.93,7.72,8.16,7.88,8.45
K5,Sb,ppm,0.02,-,0.005,0.005,0.005,0.005,0.005
K5,Se,ppm,0.01,0.02,0.005,0.005,0.005,0.005,0.005
K5,Si,ppm,-,-,6.3,3.1,5.73,7.28,4.3
K5,Sn,ppm,-,-,0.005,0.005,0.005,0.005,0.005
K5,Sr,ppm,7,-,0.08,0.14,0.42,0.66,0.54
K5,Temperature,◦C,-,-,22.1,26.2,25.4,27.9,23.8
K5,Ti,ppm,0.1,-,0.005,0.005,0.005,0.005,0.005
K5,Tl,ppm,-,-,0.005,0.005,0.005,0.005,0.005
K5,TOC,ppm,2,4,6.547,7.423,19.07,10.21,16.73
K5,Total Soluble Solids,ppm,1000(1500),-,627.8,654.08,531,436.4,510
K5,V,ppm,0.1,0.1,0.005,0.005,0.005,0.005,0.005
K5,Zn,ppm,3,2,0.005,0.005,0.005,0.005,0.005
K6,Ag,ppm,-,0.1,0.005,0.005,0.005,0.005,0.005
K6,Al,ppm,0.1(0.2),5,0.005,0.06,0.005,0.005,0.005
K6,As,ppm,0.01,0.1,0.005,0.005,0.005,0.005,0.005
K6,B,ppm,0.5,3,0.005,0.005,0.005,0.005,0.005
K6,Ba,ppm,0.7,1,0.005,0.005,0.005,0.005,0.005
K6,Bi,ppm,-,0.5,0.005,0.005,0.005,0.005,0.005
K6,Br-,ppm,(6)2,-,12.3,54.9,20.2,32.4,18.9
K6,Ca,ppm,300,-,48.1,70.2,58.7,55.3,42.4
K6,Cd,ppm,3,0.01,1,1,1,1,1
K6,Cl-,ppm,250(400),600,25.5,88.2,49.7,20.2,17.4
K6,Co,ppm,-,0.05,0.005,0.005,0.005,0.005,0.005
K6,Cr,ppm,0.05,0.1,0.005,0.005,0.005,0.005,0.005
K6,Cu,ppm,1(2),0.2,0.005,0.005,0.005,0.005,0.005
K6,Electrical Conductivity,mS.cm-1,1.5,3,0.91,1.13,0.813,0.71,0.772
K6,F-,ppm,0.5-1.5,1,0.005,0.005,0.005,27,0.05
K6,Fe,ppm,0.3,5,0.005,0.16,0.57,0.13,0.005
K6,Hg,ppm,6,-,1,1,1,1,1
K6,K,ppm,12,-,4.5,8.62,6.12,13.32,6.4
K6,Li,ppm,-,2.5,0.005,0.005,0.005,0.005,0.005
K6,Mg,ppm,30,100,4.3,4.04,2.97,3.1,6.4
K6,Mn,ppm,0.1(0.4),0.2,0.78,0.59,0.005,0.005,0.005
K6,Mo,ppm,0.07,0.01,0.005,0.005,0.005,0.005,0.005
K6,Na,ppm,200,-,85.01,79.1,58.2,54.2,47.5
K6,Ni,ppm,0.07,0.2,0.005,0.005,0.005,0.005,0.005
K6,Opacity,NTU,≤1(5),50,48.5,51.22,20.43,26.91,27.28
K6,Oxygen Solution,ppm,-,2,3.9,3.2,2.8,1.6,1.9
K6,P,ppm,-,-,0.05,0.12,0.25,0.34,0.17
K6,Pb,ppm,0.01,1,0.005,0.005,0.005,0.005,0.005
K6,pH,-,6.5-8.5(9),5.4-6.8,7.89,7.66,8.19,7.89,8.44
K6,Sb,ppm,0.02,-,0.005,0.005,0.005,0.005,0.005
K6,Se,ppm,0.01,0.02,0.005,0.005,0.005,0.005,0.005
K6,Si,ppm,-,-,6.5,5.84,5.01,7.44,4.9
K6,Sn,ppm,-,-,0.005,0.005,0.005,0.005,0.005
K6,Sr,ppm,7,-,0.11,0.26,0.74,0.59,0.48
K6,Temperature,◦C,-,-,22.2,26.1,25.2,28,23.7
K6,Ti,ppm,0.1,-,0.005,0.005,0.005,0.005,0.005
K6,Tl,ppm,-,-,0.005,0.73,0.005,0.005,0.005
K6,TOC,ppm,2,4,10.24,13.92,12.87,15.87,12.98
K6,Total Soluble Solids,ppm,1000(1500),-,582.4,724.4,520.2,545.4,494
K6,V,ppm,0.1,0.1,0.005,0.005,0.005,0.005,0.005
K6,Zn,ppm,3,2,0.005,0.005,0.005,0.005,0.005
K7,Ag,ppm,-,0.1,0.005,0.005,0.005,0.005,0.005
K7,Al,ppm,0.1(0.2),5,0.005,0.26,0.23,0.11,0.91
K7,As,ppm,0.01,0.1,0.005,0.005,0.005,0.005,0.005
K7,B,ppm,0.5,3,0.005,0.005,0.005,0.005,0.005
K7,Ba,ppm,0.7,1,0.005,0.005,0.43,0.11,0.005
K7,Bi,ppm,-,0.5,0.005,0.005,0.005,0.005,0.005
K7,Br-,ppm,(6)2,-,14.3,37.7,0.005,1.38,9.76
K7,Ca,ppm,300,-,50.1,51.7,97.8,54.3,42.9
K7,Cd,ppm,3,0.01,1,1,1,1,1
K7,Cl-,ppm,250(400),600,24.9,15.9,93.1,19.8,17
K7,Co,ppm,-,0.05,0.005,0.005,0.005,0.005,0.005
K7,Cr,ppm,0.05,0.1,0.005,0.005,0.005,0.005,0.005
K7,Cu,ppm,1(2),0.2,0.005,0.005,0.27,0.08,0.11
K7,Electrical Conductivity,mS.cm-1,1.5,3,0.961,1.12,0.89,0.785,0.81
K7,F-,ppm,0.5-1.5,1,0.005,0.005,0.005,0.03,0.005
K7,Fe,ppm,0.3,5,0.005,0.1,0.43,0.16,0.005
K7,Hg,ppm,6,-,1,1,0.23,0.15,1
K7,K,ppm,12,-,4.6,4.96,16.6,13.43,6.8
K7,Li,ppm,-,2.5,0.005,0.005,0.005,0.005,0.005
K7,Mg,ppm,30,100,4.2,2.16,17.2,3.9,7.9
K7,Mn,ppm,0.1(0.4),0.2,0.005,0.005,0.73,0.54,0.005
K7,Mo,ppm,0.07,0.01,0.005,0.005,0.005,0.005,0.005
K7,Na,ppm,200,-,84.1,14.7,49.1,58.1,45.5
K7,Ni,ppm,0.07,0.2,0.005,0.005,0.005,0.005,0.005
K7,Opacity,NTU,≤1(5),50,48.18,53.41,21.44,27.37,26.8
K7,Oxygen Solution,ppm,-,2,3.9,3.4,2.9,1.6,1.9
K7,P,ppm,-,-,0.08,82,0.14,0.41,0.15
K7,Pb,ppm,0.01,1,0.005,0.005,0.37,0.29,0.21
K7,pH,-,6.5-8.5(9),5.4-6.8,7.86,7.62,8.18,8.1,8.43
K7,Sb,ppm,0.02,-,0.005,0.005,0.005,0.005,0.005
K7,Se,ppm,0.01,0.02,0.005,0.005,0.05,0.07,0.005
K7,Si,ppm,-,-,6.7,4.33,15.5,7.74,5.1
K7,Sn,ppm,-,-,0.005,0.005,0.005,0.005,0.005
K7,Sr,ppm,7,-,0.14,0.94,1.05,0.61,0.51
K7,Temperature,◦C,-,-,22.1,26.3,25.1,28.2,23.8
K7,Ti,ppm,0.1,-,0.005,0.005,0.005,0.005,0.005
K7,Tl,ppm,-,-,0.005,0.005,0.005,0.005,0.005
K7,TOC,ppm,2,4,10.18,9.324,12.87,17.24,12.54
K7,Total Soluble Solids,ppm,1000(1500),-,615,716.4,569.5,502.4,518.4
K7,V,ppm,0.1,0.1,0.005,0.24,0.005,0.005,0.005
K7,Zn,ppm,3,2,0.005,0.005,0.53,0.71,0.31
K8,Ag,ppm,-,0.1,0.005,0.005,0.005,0.005,0.005
K8,Al,ppm,0.1(0.2),5,0.08,0.12,0.14,0.15,0.12
K8,As,ppm,0.01,0.1,0.005,0.005,0.005,0.005,0.005
K8,B,ppm,0.5,3,0.005,0.005,0.005,0.005,0.005
K8,Ba,ppm,0.7,1,0.005,0.005,0.005,0.005,0.005
K8,Bi,ppm,-,0.5,0.005,0.005,0.005,0.005,0.005
K8,Br-,ppm,(6)2,-,3.2,5.4,0.005,0.8,10.28
K8,Ca,ppm,300,-,51.7,44.6,94.1,53.9,42.7
K8,Cd,ppm,3,0.01,1,1,1,1,1
K8,Cl-,ppm,250(400),600,25.6,24.8,90.3,20.2,19
K8,Co,ppm,-,0.05,0.005,0.005,0.005,0.005,0.005
K8,Cr,ppm,0.05,0.1,0.005,0.005,0.005,0.005,0.005
K8,Cu,ppm,1(2),0.2,0.005,0.005,0.005,0.005,0.005
K8,Electrical Conductivity,mS.cm-1,1.5,3,0.97,0.996,0.969,0.744,0.791
K8,F-,ppm,0.5-1.5,1,0.005,0.005,0.005,0.04,0.06
K8,Fe,ppm,0.3,5,0.005,0.38,0.53,0.2,0.11
K8,Hg,ppm,6,-,1,1,0.4,0.2,1
K8,K,ppm,12,-,4.8,6.61,17.3,13.75,6.74
K8,Li,ppm,-,2.5,0.005,0.005,0.005,0.005,0.005
K8,Mg,ppm,30,100,4.8,3.13,13.4,4.1,7.5
K8,Mn,ppm,0.1(0.4),0.2,0.17,0.21,0.14,0.16,0.2
K8,Mo,ppm,0.07,0.01,0.005,0.005,0.005,0.18,0.005
K8,Na,ppm,200,-,86.3,19.9,64.1,54.1,43.2
K8,Ni,ppm,0.07,0.2,0.005,0.005,0.005,0.005,0.005
K8,Opacity,NTU,≤1(5),50,48.2,47.83,51.97,26.81,27.14
K8,Oxygen Solution,ppm,-,2,3.9,3.1,2.4,1.8,1.8
K8,P,ppm,-,-,0.12,47,0.41,0.47,0.21
K8,Pb,ppm,0.01,1,0.005,0.005,0.26,0.31,0.37
K8,pH,-,6.5-8.5(9),5.4-6.8,7.85,7.66,7.69,8.23,8.13
K8,Sb,ppm,0.02,-,0.005,0.005,0.005,0.005,0.005
K8,Se,ppm,0.01,0.02,0.005,0.005,0.07,0.59,0.81
K8,Si,ppm,-,-,7.1,4.69,7.67,8.13,4.9
K8,Sn,ppm,-,-,0.005,0.005,0.005,0.005,0.005
K8,Sr,ppm,7,-,0.19,0.11,0.89,0.72,0.45
K8,Temperature,◦C,-,-,22.2,26.4,31.1,28.1,24.9
K8,Ti,ppm,0.1,-,0.005,0.005,0.005,0.005,0.005
K8,Tl,ppm,-,-,0.005,0.005,0.005,0.005,0.005
K8,TOC,ppm,2,4,11.82,11.76,20.21,14.57,14.74
K8,Total Soluble Solids,ppm,1000(1500),-,620.8,637.4,620.1,476.2,506.2
K8,V,ppm,0.1,0.1,0.005,0.32,0.005,0.005,0.005
K8,Zn,ppm,3,2,0.005,0.005,0.21,0.005,0.18
K9,Ag,ppm,-,0.1,0.005,0.005,0.005,0.005,0.005
K9,Al,ppm,0.1(0.2),5,0.005,0.96,0.23,0.46,0.005
K9,As,ppm,0.01,0.1,0.005,0.005,0.005,0.005,0.005
K9,B,ppm,0.5,3,0.005,0.005,0.45,0.21,0.11
K9,Ba,ppm,0.7,1,0.005,0.005,0.005,0.005,0.005
K9,Bi,ppm,-,0.5,0.005,0.005,0.005,0.005,0.005
K9,Br-,ppm,(6)2,-,22.1,53.5,4.66,12.8,50.5
K9,Ca,ppm,300,-,50.5,47.1,97.5,59.8,43.2
K9,Cd,ppm,3,0.01,1,1,1,1,1
K9,Cl-,ppm,250(400),600,36.8,26.5,107.3,91.2,70.86
K9,Co,ppm,-,0.05,0.005,0.005,0.005,0.005,0.005
K9,Cr,ppm,0.05,0.1,0.005,0.005,0.005,0.005,0.005
K9,Cu,ppm,1(2),0.2,0.005,0.005,0.005,0.005,0.005
K9,Electrical Conductivity,mS.cm-1,1.5,3,1.92,2.81,2.87,1.86,1.59
K9,F-,ppm,0.5-1.5,1,0.005,3.23,0.005,0.04,0.86
K9,Fe,ppm,0.3,5,0.13,0.13,0.33,0.27,0.19
K9,Hg,ppm,6,-,1,1,0.24,0.005,1
K9,K,ppm,12,-,6.2,13.4,22.9,9.87,18.3
K9,Li,ppm,-,2.5,0.005,0.005,0.005,0.005,0.005
K9,Mg,ppm,30,100,14.4,4.33,22.7,18.2,10.3
K9,Mn,ppm,0.1(0.4),0.2,0.005,0.17,0.12,0.2,0.11
K9,Mo,ppm,0.07,0.01,0.005,0.005,0.005,0.005,0.005
K9,Na,ppm,200,-,101.2,24.9,155,75.1,40.5
K9,Ni,ppm,0.07,0.2,0.005,0.005,0.005,0.005,0.005
K9,Opacity,NTU,≤1(5),50,62.1,78.94,91.27,80.81,76.77
K9,Oxygen Solution,ppm,-,2,3.6,2.7,2.4,0.9,1.8
K9,P,ppm,-,-,0.19,0.28,0.26,0.31,0.3
K9,Pb,ppm,0.01,1,0.005,0.005,0.22,0.005,0.18
K9,pH,-,6.5-8.5(9),5.4-6.8,8.13,8.74,8.23,8.51,8.32
K9,Sb,ppm,0.02,-,0.005,0.005,0.005,0.005,0.005
K9,Se,ppm,0.01,0.02,0.005,0.005,0.005,0.005,0.005
K9,Si,ppm,-,-,8.24,5.68,12.5,10.4,7.6
K9,Sn,ppm,-,-,0.005,0.005,0.005,0.005,0.005
K9,Sr,ppm,7,-,0.17,0.25,1.28,1.64,0.92
K9,Temperature,◦C,-,-,22.8,23.5,30.4,28.7,25.1
K9,Ti,ppm,0.1,-,0.005,0.005,0.005,0.005,0.005
K9,Tl,ppm,-,-,0.14,0.37,0.005,0.005,0.005
K9,TOC,ppm,2,4,23.76,28.25,12.77,15.29,21.93
K9,Total Soluble Solids,ppm,1000(1500),-,1228,1798,1835,1190,1017
K9,V,ppm,0.1,0.1,0.005,0.005,0.005,0.005,0.005
K9,Zn,ppm,3,2,0.005,0.005,0.39,0.005,0.005
KR1,Ag,ppm,-,0.1,0.005,0.005,0.005,0.005,0.005
KR1,Al,ppm,0.1(0.2),5,0.13,0.07,0.88,0.59,0.17
KR1,As,ppm,0.01,0.1,0.005,0.005,0.005,0.005,0.005
KR1,B,ppm,0.5,3,0.005,0.005,0.005,0.005,0.005
KR1,Ba,ppm,0.7,1,0.005,0.29,0.005,0.005,0.39
KR1,Bi,ppm,-,0.5,0.03,0.005,0.27,0.005,0.005
KR1,Br-,ppm,(6)2,-,3.68,3.34,3.12,3.41,3.87
KR1,Ca,ppm,300,-,45.4,44.8,47.3,54.3,56.9
KR1,Cd,ppm,3,0.01,1,1,1,1,1
KR1,Cl-,ppm,250(400),600,16.5,14.7,8.72,14.3,16.2
KR1,Co,ppm,-,0.05,0.005,0.005,0.005,0.005,0.005
KR1,Cr,ppm,0.05,0.1,0.005,0.005,0.005,0.005,0.005
KR1,Cu,ppm,1(2),0.2,0.005,0.005,0.005,0.005,0.005
KR1,Electrical Conductivity,mS.cm-1,1.5,3,0.326,0.286,0.306,0.31,0.298
KR1,F-,ppm,0.5-1.5,1,0.37,0.27,0.13,0.41,0.28
KR1,Fe,ppm,0.3,5,0.005,0.005,0.25,0.19,0.005
KR1,Hg,ppm,6,-,1,1,1,1,1
KR1,K,ppm,12,-,0.58,0.73,0.9,0.69,0.75
KR1,Li,ppm,-,2.5,0.005,0.005,0.005,0.005,0.005
KR1,Mg,ppm,30,100,7.24,6.31,5.85,5.85,6.95
KR1,Mn,ppm,0.1(0.4),0.2,0.005,0.005,0.005,0.005,0.005
KR1,Mo,ppm,0.07,0.01,0.005,0.005,0.005,0.005,0.005
KR1,Na,ppm,200,-,14.2,12.2,9.01,10.8,12.6
KR1,Ni,ppm,0.07,0.2,0.005,0.005,0.005,0.005,0.005
KR1,Opacity,NTU,≤1(5),50,13.3,6.78,4.32,3.71,4.65
KR1,Oxygen Solution,ppm,-,2,10.2,9.6,9.4,9.9,10.1
KR1,P,ppm,-,-,0.005,0.005,33,0.02,0.005
KR1,Pb,ppm,0.01,1,0.005,0.27,0.005,0.005,0.31
KR1,pH,-,6.5-8.5(9),5.4-6.8,7.86,7.82,7.65,8.16,7.94
KR1,Sb,ppm,0.02,-,0.005,0.005,0.005,0.005,0.005
KR1,Se,ppm,0.01,0.02,0.005,0.005,0.005,0.005,0.005
KR1,Si,ppm,-,-,4.62,3.63,3.32,3.38,3.22
KR1,Sn,ppm,-,-,0.005,0.005,0.005,0.005,0.005
KR1,Sr,ppm,7,-,0.18,0.29,0.22,0.23,0.27
KR1,Temperature,◦C,-,-,11.2,10.5,15.3,14.2,14.1
KR1,Ti,ppm,0.1,-,0.005,0.005,0.005,0.005,0.005
KR1,Tl,ppm,-,-,0.005,0.005,0.005,0.005,0.005
KR1,TOC,ppm,2,4,0.641,0.522,0.458,0.441,0.475
KR1,Total Soluble Solids,ppm,1000(1500),-,208.6,183,195.8,198.4,190.7
KR1,V,ppm,0.1,0.1,0.005,0.005,0.13,0.005,0.005
KR1,Zn,ppm,3,2,0.005,0.005,0.005,0.005,0.005
KR2,Ag,ppm,-,0.1,0.005,0.005,0.005,0.005,0.005
KR2,Al,ppm,0.1(0.2),5,0.23,0.06,0.76,0.88,0.191
KR2,As,ppm,0.01,0.1,0.005,0.005,0.005,0.005,0.005
KR2,B,ppm,0.5,3,0.005,0.005,0.005,0.005,0.005
KR2,Ba,ppm,0.7,1,0.005,0.005,0.005,0.005,0.005
KR2,Bi,ppm,-,0.5,0.005,0.005,0.005,0.005,0.005
KR2,Br-,ppm,(6)2,-,3.46,2.99,2.26,3.86,3.78
KR2,Ca,ppm,300,-,43.02,45.2,47.3,58.4,56
KR2,Cd,ppm,3,0.01,1,1,1,1,1
KR2,Cl-,ppm,250(400),600,16.3,15.4,10.9,14.1,16.4
KR2,Co,ppm,-,0.05,0.005,0.005,0.005,0.005,0.005
KR2,Cr,ppm,0.05,0.1,0.005,0.005,0.005,0.005,0.005
KR2,Cu,ppm,1(2),0.2,0.005,0.005,0.005,0.005,0.005
KR2,Electrical Conductivity,mS.cm-1,1.5,3,0.331,0.293,0.305,0.341,0.311
KR2,F-,ppm,0.5-1.5,1,0.32,0.38,0.11,0.38,0.31
KR2,Fe,ppm,0.3,5,0.005,0.005,0.005,0.005,0.005
KR2,Hg,ppm,6,-,1,1,1,1,1
KR2,K,ppm,12,-,0.58,0.69,0.79,0.9,3.75
KR2,Li,ppm,-,2.5,0.005,0.005,0.005,0.005,0.005
KR2,Mg,ppm,30,100,7.24,6.38,5.87,5.85,6.95
KR2,Mn,ppm,0.1(0.4),0.2,0.005,0.005,0.005,0.005,0.005
KR2,Mo,ppm,0.07,0.01,0.005,0.005,0.005,0.005,0.005
KR2,Na,ppm,200,-,14.2,12,9.53,9.01,12.6
KR2,Ni,ppm,0.07,0.2,0.005,0.005,0.005,0.005,0.005
KR2,Opacity,NTU,≤1(5),50,12.3,6.72,4.1,3.89,4.78
KR2,Oxygen Solution,ppm,-,2,10.5,9.7,9.5,9.8,10.2
KR2,P,ppm,-,-,0.005,67,0.005,33,0.005
KR2,Pb,ppm,0.01,1,0.005,0.005,0.005,0.005,0.31
KR2,pH,-,6.5-8.5(9),5.4-6.8,7.77,7.96,7.94,8.14,7.96
KR2,Sb,ppm,0.02,-,0.005,0.005,0.005,0.005,0.005
KR2,Se,ppm,0.01,0.02,0.005,0.005,0.005,0.005,0.005
KR2,Si,ppm,-,-,4.6,3.78,3.44,3.32,3.22
KR2,Sn,ppm,-,-,0.005,0.005,0.005,0.005,0.005
KR2,Sr,ppm,7,-,0.31,0.28,0.22,0.26,0.25
KR2,Temperature,◦C,-,-,11.6,11.1,15.7,14.4,14.5
KR2,Ti,ppm,0.1,-,0.005,0.005,0.005,0.005,0.005
KR2,Tl,ppm,-,-,0.005,0.005,0.005,0.005,0.005
KR2,TOC,ppm,2,4,0.587,0.52,0.368,0.401,0.487
KR2,Total Soluble Solids,ppm,1000(1500),-,211.8,187.5,195.2,218.2,199.4
KR2,V,ppm,0.1,0.1,0.005,0.005,0.005,0.005,0.08
KR2,Zn,ppm,3,2,0.005,0.005,0.005,0.005,0.005
KR3,Ag,ppm,-,0.1,0.005,0.005,0.005,0.005,0.005
KR3,Al,ppm,0.1(0.2),5,0.16,0.67,0.72,0.97,0.84
KR3,As,ppm,0.01,0.1,0.005,0.005,0.005,0.005,0.005
KR3,B,ppm,0.5,3,0.005,0.005,0.005,0.005,0.005
KR3,Ba,ppm,0.7,1,0.005,0.005,0.005,0.005,0.005
KR3,Bi,ppm,-,0.5,0.005,0.005,0.005,0.005,0.005
KR3,Br-,ppm,(6)2,-,3.54,2.24,2.19,3.75,3.71
KR3,Ca,ppm,300,-,40.1,44,48.5,57.9,58
KR3,Cd,ppm,3,0.01,1,1,1,1,1
KR3,Cl-,ppm,250(400),600,16.7,16.6,10.5,14.2,16.4
KR3,Co,ppm,-,0.05,0.005,0.005,0.005,0.005,0.005
KR3,Cr,ppm,0.05,0.1,0.005,0.005,0.005,0.005,0.005
KR3,Cu,ppm,1(2),0.2,0.005,0.005,0.005,0.005,0.005
KR3,Electrical Conductivity,mS.cm-1,1.5,3,0.333,0.274,0.312,0.315,0.33
KR3,F-,ppm,0.5-1.5,1,0.37,0.52,0.1,0.27,0.26
KR3,Fe,ppm,0.3,5,0.005,0.005,0.005,0.005,0.005
KR3,Hg,ppm,6,-,1,1,1,1,1
KR3,K,ppm,12,-,0.06,0.71,0.84,1.15,0.68
KR3,Li,ppm,-,2.5,0.005,0.005,0.005,0.005,0.005
KR3,Mg,ppm,30,100,7.58,6.2,5.93,6.01,6.83
KR3,Mn,ppm,0.1(0.4),0.2,0.005,0.005,0.005,0.005,0.005
KR3,Mo,ppm,0.07,0.01,0.005,0.005,0.005,0.005,0.005
KR3,Na,ppm,200,-,11.7,12.1,9,7.89,12.9
KR3,Ni,ppm,0.07,0.2,0.005,0.005,0.005,0.005,0.005
KR3,Opacity,NTU,≤1(5),50,13.3,6.76,4.54,3.68,5.18
KR3,Oxygen Solution,ppm,-,2,10,9.5,9.3,7.8,9.2
KR3,P,ppm,-,-,0.005,0.11,29,0.04,0.11
KR3,Pb,ppm,0.01,1,0.005,0.005,0.005,0.005,0.005
KR3,pH,-,6.5-8.5(9),5.4-6.8,7.89,7.87,8.05,8.1,8.21
KR3,Sb,ppm,0.02,-,0.005,0.005,0.005,0.005,0.005
KR3,Se,ppm,0.01,0.02,0.005,0.005,0.31,0.18,0.25
KR3,Si,ppm,-,-,4.53,3.74,3.45,3.23,3.72
KR3,Sn,ppm,-,-,0.005,0.005,0.005,0.005,0.005
KR3,Sr,ppm,7,-,0.26,0.28,0.23,0.15,0.34
KR3,Temperature,◦C,-,-,11.8,11.5,15.9,14.7,14.9
KR3,Ti,ppm,0.1,-,0.005,0.005,0.005,0.005,0.005
KR3,Tl,ppm,-,-,0.005,0.005,0.005,0.005,0.005
KR3,TOC,ppm,2,4,0.512,0.477,0.539,0.418,0.498
KR3,Total Soluble Solids,ppm,1000(1500),-,211.2,175.3,199.6,201.6,211.1
KR3,V,ppm,0.1,0.1,0.005,0.005,0.005,0.005,0.005
KR3,Zn,ppm,3,2,0.005,0.005,0.005,0.005,0.005
KR4,Ag,ppm,-,0.1,0.41,0.005,0.005,0.71,0.15
KR4,Al,ppm,0.1(0.2),5,0.05,0.67,0.88,0.87,0.49
KR4,As,ppm,0.01,0.1,0.005,0.005,0.005,0.005,0.005
KR4,B,ppm,0.5,3,0.005,0.005,0.005,0.005,0.005
KR4,Ba,ppm,0.7,1,0.005,0.005,0.005,0.005,0.005
KR4,Bi,ppm,-,0.5,0.005,0.005,0.005,0.005,0.005
KR4,Br-,ppm,(6)2,-,3.51,2.24,2.33,1.66,3.82
KR4,Ca,ppm,300,-,40.5,44,55.2,58,57.3
KR4,Cd,ppm,3,0.01,1,1,1,1,1
KR4,Cl-,ppm,250(400),600,16.08,16.6,9.62,14.3,16.95
KR4,Co,ppm,-,0.05,0.005,0.005,0.005,0.005,0.005
KR4,Cr,ppm,0.05,0.1,0.005,0.005,0.005,0.005,0.005
KR4,Cu,ppm,1(2),0.2,0.005,0.005,0.005,0.005,0.005
KR4,Electrical Conductivity,mS.cm-1,1.5,3,0.361,0.315,0.298,0.318,0.339
KR4,F-,ppm,0.5-1.5,1,0.61,0.52,0.12,0.31,0.31
KR4,Fe,ppm,0.3,5,0.005,0.005,0.41,0.005,0.22
KR4,Hg,ppm,6,-,1,1,1,1,1
KR4,K,ppm,12,-,0.78,0.71,0.75,0.84,0.58
KR4,Li,ppm,-,2.5,0.005,0.005,0.005,0.005,0.005
KR4,Mg,ppm,30,100,6.34,6.2,5.86,6.03,5.22
KR4,Mn,ppm,0.1(0.4),0.2,0.005,0.005,0.005,0.005,0.005
KR4,Mo,ppm,0.07,0.01,0.005,0.005,0.005,0.005,0.005
KR4,Na,ppm,200,-,11.8,12.1,8.83,7.86,8.01
KR4,Ni,ppm,0.07,0.2,0.005,0.005,0.005,0.005,0.005
KR4,Opacity,NTU,≤1(5),50,12.74,5.54,4.48,3.68,5.18
KR4,Oxygen Solution,ppm,-,2,10.1,9.1,8.8,7.8,9.2
KR4,P,ppm,-,-,0.96,0.11,0.05,0.18,0.27
KR4,Pb,ppm,0.01,1,0.005,0.005,0.005,0.005,0.005
KR4,pH,-,6.5-8.5(9),5.4-6.8,7.87,7.74,8.11,8.1,8.21
KR4,Sb,ppm,0.02,-,0.005,0.005,0.005,0.005,0.005
KR4,Se,ppm,0.01,0.02,0.005,0.005,0.06,0.03,0.005
KR4,Si,ppm,-,-,3.76,3.74,3.46,3.15,3.77
KR4,Sn,ppm,-,-,0.005,0.005,0.005,0.005,0.005
KR4,Sr,ppm,7,-,0.27,0.28,0.26,0.25,0.21
KR4,Temperature,◦C,-,-,13.1,12.7,16.8,15.8,15.9
KR4,Ti,ppm,0.1,-,0.005,0.005,0.005,0.005,0.005
KR4,Tl,ppm,-,-,0.005,0.005,0.005,0.005,0.005
KR4,TOC,ppm,2,4,0.522,0.491,0.493,0.461,0.547
KR4,Total Soluble Solids,ppm,1000(1500),-,231,201,190.7,203.5,216.9
KR4,V,ppm,0.1,0.1,0.005,0.005,0.005,0.005,0.005
KR4,Zn,ppm,3,2,0.005,0.005,0.005,0.005,0.005
KR5,Ag,ppm,-,0.1,0.005,0.005,0.005,0.005,0.005
KR5,Al,ppm,0.1(0.2),5,0.13,0.49,0.46,0.08,0.15
KR5,As,ppm,0.01,0.1,0.005,0.005,0.005,0.005,0.005
KR5,B,ppm,0.5,3,0.005,0.005,0.005,0.005,0.005
KR5,Ba,ppm,0.7,1,0.005,0.005,0.005,0.005,0.39
KR5,Bi,ppm,-,0.5,0.03,0.005,0.005,0.005,0.005
KR5,Br-,ppm,(6)2,-,3.63,5.33,2.06,4.41,4.02
KR5,Ca,ppm,300,-,45,51.3,49.5,53.9,57.8
KR5,Cd,ppm,3,0.01,1,1,1,1,1
KR5,Cl-,ppm,250(400),600,16.54,39.1,28.9,15.32,18.24
KR5,Co,ppm,-,0.05,0.005,0.005,0.005,0.005,0.005
KR5,Cr,ppm,0.05,0.1,0.005,0.005,0.005,0.005,0.005
KR5,Cu,ppm,1(2),0.2,0.005,0.005,0.005,0.005,0.005
KR5,Electrical Conductivity,mS.cm-1,1.5,3,0.367,0.341,0.383,0.398,0.431
KR5,F-,ppm,0.5-1.5,1,0.32,0.41,0.13,0.39,0.27
KR5,Fe,ppm,0.3,5,0.005,0.005,0.24,0.21,0.005
KR5,Hg,ppm,6,-,1,1,1,1,1
KR5,K,ppm,12,-,0.52,0.98,0.99,1.01,0.75
KR5,Li,ppm,-,2.5,0.005,0.005,0.005,0.005,0.005
KR5,Mg,ppm,30,100,6.94,7.69,6.7,5.93,7.03
KR5,Mn,ppm,0.1(0.4),0.2,0.005,0.005,0.005,0.005,0.005
KR5,Mo,ppm,0.07,0.01,0.005,0.005,0.005,0.005,0.005
KR5,Na,ppm,200,-,13.98,23.3,23.1,20.1,12.54
KR5,Ni,ppm,0.07,0.2,0.005,0.005,0.005,0.005,0.005
KR5,Opacity,NTU,≤1(5),50,13.75,6.04,4.84,3.85,5.9
KR5,Oxygen Solution,ppm,-,2,10.2,8.7,8.2,9.9,8.1
KR5,P,ppm,-,-,0.005,78,38,24,57
KR5,Pb,ppm,0.01,1,0.005,0.005,0.005,0.005,0.31
KR5,pH,-,6.5-8.5(9),5.4-6.8,7.87,7.93,9.17,8.17,7.92
KR5,Sb,ppm,0.02,-,0.005,0.005,0.005,0.005,0.005
KR5,Se,ppm,0.01,0.02,0.005,0.005,0.005,0.005,0.005
KR5,Si,ppm,-,-,4.39,3.08,2.61,2.96,3.38
KR5,Sn,ppm,-,-,0.005,0.005,0.005,0.005,0.005
KR5,Sr,ppm,7,-,0.2,0.44,0.31,0.22,0.27
KR5,Temperature,◦C,-,-,13.4,11.9,16.7,16.1,16.3
KR5,Ti,ppm,0.1,-,0.005,0.005,0.005,0.005,0.005
KR5,Tl,ppm,-,-,0.005,0.005,0.005,0.005,0.005
KR5,TOC,ppm,2,4,0.741,0.79,0.504,0.497,0.675
KR5,Total Soluble Solids,ppm,1000(1500),-,234.8,218.2,245.1,245.7,275.8
KR5,V,ppm,0.1,0.1,0.005,0.005,0.005,0.005,0.005
KR5,Zn,ppm,3,2,0.005,0.005,0.005,0.005,0.005
KR6,Ag,ppm,-,0.1,0.005,0.005,0.005,0.005,0.005
KR6,Al,ppm,0.1(0.2),5,0.12,0.005,0.85,0.89,0.16
KR6,As,ppm,0.01,0.1,0.005,0.005,0.005,0.005,0.005
KR6,B,ppm,0.5,3,0.005,0.005,0.005,0.005,0.005
KR6,Ba,ppm,0.7,1,0.005,0.005,0.005,0.005,0.28
KR6,Bi,ppm,-,0.5,0.005,0.005,0.005,0.005,0.005
KR6,Br-,ppm,(6)2,-,3.78,22.9,2.94,4.24,4.32
KR6,Ca,ppm,300,-,48.7,76.8,56.1,54.7,55.9
KR6,Cd,ppm,3,0.01,1,1,1,1,1
KR6,Cl-,ppm,250(400),600,17.32,52.5,28.2,14.43,16.62
KR6,Co,ppm,-,0.05,0.005,0.005,0.005,0.005,0.005
KR6,Cr,ppm,0.05,0.1,0.005,0.005,0.005,0.005,0.005
KR6,Cu,ppm,1(2),0.2,0.005,0.005,0.005,0.005,0.005
KR6,Electrical Conductivity,mS.cm-1,1.5,3,0.478,0.336,0.587,0.481,0.598
KR6,F-,ppm,0.5-1.5,1,0.39,0.32,0.19,0.43,0.27
KR6,Fe,ppm,0.3,5,0.005,0.005,0.005,0.005,0.005
KR6,Hg,ppm,6,-,1,1,1,1,1
KR6,K,ppm,12,-,0.68,2.55,1.96,0.88,0.77
KR6,Li,ppm,-,2.5,0.005,0.005,0.005,0.005,0.005
KR6,Mg,ppm,30,100,7.32,12.8,6.26,6.1,7.02
KR6,Mn,ppm,0.1(0.4),0.2,0.005,0.005,0.005,0.005,0.005
KR6,Mo,ppm,0.07,0.01,0.005,0.005,0.005,0.005,0.005
KR6,Na,ppm,200,-,13.98,75.6,32.4,8.89,12.52
KR6,Ni,ppm,0.07,0.2,0.005,0.005,0.005,0.005,0.005
KR6,Opacity,NTU,≤1(5),50,13.38,6.78,4.3,3.7,4.6
KR6,Oxygen Solution,ppm,-,2,10.2,8.4,5.8,9.9,10.1
KR6,P,ppm,-,-,0.005,0.16,0.005,0.005,0.005
KR6,Pb,ppm,0.01,1,0.005,0.005,0.005,0.005,0.005
KR6,pH,-,6.5-8.5(9),5.4-6.8,7.88,8.1,8.04,8.17,8
KR6,Sb,ppm,0.02,-,0.005,0.005,0.005,0.005,0.005
KR6,Se,ppm,0.01,0.02,0.005,0.005,0.14,0.11,0.16
KR6,Si,ppm,-,-,5.12,5.17,3.55,3.25,3.19
KR6,Sn,ppm,-,-,0.005,0.005,0.005,0.005,0.005
KR6,Sr,ppm,7,-,0.28,0.61,0.38,0.23,0.29
KR6,Temperature,◦C,-,-,14.1,12.2,17.2,16.4,16.9
KR6,Ti,ppm,0.1,-,0.005,0.005,0.005,0.005,0.005
KR6,Tl,ppm,-,-,0.005,0.005,0.005,0.005,0.005
KR6,TOC,ppm,2,4,0.874,0.912,0.644,0.781,0.971
KR6,Total Soluble Solids,ppm,1000(1500),-,311.6,215,375.6,307.8,382.7
KR6,V,ppm,0.1,0.1,0.005,0.005,0.88,0.005,0.005
KR6,Zn,ppm,3,2,0.005,0.005,0.005,0.005,0.005
KR7,Ag,ppm,-,0.1,0.005,0.005,0.005,0.005,0.005
KR7,Al,ppm,0.1(0.2),5,0.14,0.05,0.05,0.09,0.16
KR7,As,ppm,0.01,0.1,0.005,0.005,0.005,0.005,0.005
KR7,B,ppm,0.5,3,0.005,0.005,0.005,0.005,0.005
KR7,Ba,ppm,0.7,1,0.005,0.005,0.005,0.005,0.005
KR7,Bi,ppm,-,0.5,0.005,0.005,0.005,0.005,0.005
KR7,Br-,ppm,(6)2,-,3.87,11.2,5.45,7.56,7.32
KR7,Ca,ppm,300,-,47,65.7,91.6,51.9,55.9
KR7,Cd,ppm,3,0.01,1,1,1,1,1
KR7,Cl-,ppm,250(400),600,15.74,56.9,66.3,14.22,17.34
KR7,Co,ppm,-,0.05,0.005,0.005,0.005,0.005,0.005
KR7,Cr,ppm,0.05,0.1,0.005,0.005,0.005,0.005,0.005
KR7,Cu,ppm,1(2),0.2,0.005,0.005,0.005,0.005,0.005
KR7,Electrical Conductivity,mS.cm-1,1.5,3,0.657,0.571,0.778,0.642,0.68
KR7,F-,ppm,0.5-1.5,1,0.39,0.005,0.005,0.41,0.26
KR7,Fe,ppm,0.3,5,0.005,0.005,0.52,0.21,0.005
KR7,Hg,ppm,6,-,1,1,1,1,1
KR7,K,ppm,12,-,0.23,1.83,3.06,1.23,1.56
KR7,Li,ppm,-,2.5,0.005,0.005,0.005,0.005,0.005
KR7,Mg,ppm,30,100,6.54,10.5,15,6.43,7.46
KR7,Mn,ppm,0.1(0.4),0.2,0.005,0.005,0.33,0.28,0.005
KR7,Mo,ppm,0.07,0.01,0.005,0.005,0.005,0.005,0.005
KR7,Na,ppm,200,-,32.23,45.7,61.3,12.1,14.34
KR7,Ni,ppm,0.07,0.2,0.005,0.005,0.005,0.005,0.005
KR7,Opacity,NTU,≤1(5),50,17.87,8.34,4.92,3.23,7.98
KR7,Oxygen Solution,ppm,-,2,5.4,4.2,3.8,4.7,9.8
KR7,P,ppm,-,-,0.005,0.16,61,32,0.005
KR7,Pb,ppm,0.01,1,0.005,0.005,0.25,0.18,0.29
KR7,pH,-,6.5-8.5(9),5.4-6.8,7.89,8.3,7.74,8.34,8.18
KR7,Sb,ppm,0.02,-,0.005,0.005,0.005,0.005,0.005
KR7,Se,ppm,0.01,0.02,0.005,0.57,0.61,0.78,0.67
KR7,Si,ppm,-,-,4.14,2.83,5.08,2.32,2.78
KR7,Sn,ppm,-,-,0.005,0.005,0.005,0.005,0.005
KR7,Sr,ppm,7,-,0.17,0.58,0.6,0.23,0.24
KR7,Temperature,◦C,-,-,14.5,12.7,17.8,16.9,16.8
KR7,Ti,ppm,0.1,-,0.005,0.005,0.005,0.005,0.005
KR7,Tl,ppm,-,-,0.005,0.005,0.005,0.005,0.005
KR7,TOC,ppm,2,4,1.541,1.349,1.138,1.021,1.237
KR7,Total Soluble Solids,ppm,1000(1500),-,216,365.44,497.92,189.34,175.37
KR7,V,ppm,0.1,0.1,0.005,0.005,0.005,0.005,0.005
KR7,Zn,ppm,3,2,0.005,0.005,0.005,0.005,0.005
KR8,Ag,ppm,-,0.1,0.005,0.005,0.005,0.005,0.005
KR8,Al,ppm,0.1(0.2),5,0.02,0.53,0.35,0.04,0.16
KR8,As,ppm,0.01,0.1,0.005,0.005,0.005,0.005,0.005
KR8,B,ppm,0.5,3,0.005,0.005,0.005,0.005,0.005
KR8,Ba,ppm,0.7,1,0.005,0.005,0.005,0.005,0.005
KR8,Bi,ppm,-,0.5,0.005,0.005,0.005,0.005,0.005
KR8,Br-,ppm,(6)2,-,4.02,4.61,1.59,4.66,5.34
KR8,Ca,ppm,300,-,43,49.7,57.1,56.1,52.8
KR8,Cd,ppm,3,0.01,1,1,1,1,1
KR8,Cl-,ppm,250(400),600,31.74,61,40.5,20.22,23.34
KR8,Co,ppm,-,0.05,0.005,0.005,0.005,0.005,0.005
KR8,Cr,ppm,0.05,0.1,0.005,0.005,0.005,0.005,0.005
KR8,Cu,ppm,1(2),0.2,0.005,0.005,0.005,0.005,0.005
KR8,Electrical Conductivity,mS.cm-1,1.5,3,0.501,0.351,0.562,0.413,0.473
KR8,F-,ppm,0.5-1.5,1,0.32,0.23,0.23,0.38,0.25
KR8,Fe,ppm,0.3,5,0.005,0.005,0.46,0.11,0.005
KR8,Hg,ppm,6,-,1,1,1,1,1
KR8,K,ppm,12,-,0.88,1.69,1.84,1.72,0.75
KR8,Li,ppm,-,2.5,0.005,0.005,0.005,0.005,0.005
KR8,Mg,ppm,30,100,5.34,10.2,9.98,7.03,7.82
KR8,Mn,ppm,0.1(0.4),0.2,0.005,0.005,0.005,0.005,0.005
KR8,Mo,ppm,0.07,0.01,0.005,0.005,0.005,0.005,0.005
KR8,Na,ppm,200,-,30.84,46,43.7,11.83,12.34
KR8,Ni,ppm,0.07,0.2,0.005,0.005,0.005,0.005,0.005
KR8,Opacity,NTU,≤1(5),50,15.54,7.94,6.22,5.24,8.79
KR8,Oxygen Solution,ppm,-,2,10.4,8,6.5,4.7,9.8
KR8,P,ppm,-,-,0.32,0.77,0.65,0.81,0.51
KR8,Pb,ppm,0.01,1,0.005,0.005,0.26,0.18,0.005
KR8,pH,-,6.5-8.5(9),5.4-6.8,7.89,8.41,8.16,8.34,8.18
KR8,Sb,ppm,0.02,-,0.005,0.005,0.005,0.005,0.005
KR8,Se,ppm,0.01,0.02,0.005,0.61,0.53,0.41,0.31
KR8,Si,ppm,-,-,4.14,1.21,2.89,1.32,2.63
KR8,Sn,ppm,-,-,0.005,0.005,0.005,0.005,0.005
KR8,Sr,ppm,7,-,0.17,0.52,0.44,0.23,0.24
KR8,Temperature,◦C,-,-,15.1,13.2,18.2,17.4,17.1
KR8,Ti,ppm,0.1,-,0.005,0.005,0.005,0.005,0.005
KR8,Tl,ppm,-,-,0.005,0.005,0.005,0.005,0.005
KR8,TOC,ppm,2,4,1.273,1.178,0.861,0.809,1.102
KR8,Total Soluble Solids,ppm,1000(1500),-,320.6,224.6,359.6,264.3,302.7
KR8,V,ppm,0.1,0.1,0.005,0.005,0.005,0.005,0.005
KR8,Zn,ppm,3,2,0.005,0.005,0.005,0.005,0.005
KR9,Ag,ppm,-,0.1,0.005,0.005,0.005,0.005,0.005
KR9,Al,ppm,0.1(0.2),5,0.18,0.37,0.85,0.06,0.04
KR9,As,ppm,0.01,0.1,0.005,0.005,0.005,0.005,0.005
KR9,B,ppm,0.5,3,0.005,0.005,0.005,0.005,0.005
KR9,Ba,ppm,0.7,1,0.005,0.005,0.005,0.005,0.005
KR9,Bi,ppm,-,0.5,0.005,0.005,0.005,0.005,0.005
KR9,Br-,ppm,(6)2,-,1.03,0.005,1.08,0.005,0.005
KR9,Ca,ppm,300,-,46,44,56.1,51.12,48.8
KR9,Cd,ppm,3,0.01,1,1,1,1,1
KR9,Cl-,ppm,250(400),600,33.87,57.7,44.5,21.54,22.32
KR9,Co,ppm,-,0.05,0.005,0.005,0.005,0.005,0.005
KR9,Cr,ppm,0.05,0.1,0.005,0.005,0.005,0.005,0.005
KR9,Cu,ppm,1(2),0.2,0.005,0.005,0.005,0.005,0.005
KR9,Electrical Conductivity,mS.cm-1,1.5,3,0.592,0.489,0.645,0.506,0.629
KR9,F-,ppm,0.5-1.5,1,0.12,0.005,0.15,0.28,0.09
KR9,Fe,ppm,0.3,5,0.005,0.005,0.005,0.005,0.005
KR9,Hg,ppm,6,-,0.91,0.25,1,1,1
KR9,K,ppm,12,-,0.92,2.08,1.96,2.11,0.82
KR9,Li,ppm,-,2.5,0.005,0.005,0.005,0.005,0.005
KR9,Mg,ppm,30,100,6.31,10.5,6.26,7.22,7.86
KR9,Mn,ppm,0.1(0.4),0.2,0.005,0.005,0.005,0.005,0.005
KR9,Mo,ppm,0.07,0.01,0.005,0.005,0.005,0.005,0.005
KR9,Na,ppm,200,-,31.22,49.7,32.4,10.92,11.32
KR9,Ni,ppm,0.07,0.2,0.005,0.005,0.005,0.005,0.005
KR9,Opacity,NTU,≤1(5),50,14.29,7.29,3.21,4.23,6.01
KR9,Oxygen Solution,ppm,-,2,10.4,8.1,6.2,6.5,7.8
KR9,P,ppm,-,-,0.09,0.11,0.005,0.005,0.005
KR9,Pb,ppm,0.01,1,0.005,0.005,0.005,0.005,0.005
KR9,pH,-,6.5-8.5(9),5.4-6.8,7.98,8.37,8.29,8.34,8.18
KR9,Sb,ppm,0.02,-,0.005,0.005,0.005,0.005,0.005
KR9,Se,ppm,0.01,0.02,0.12,0.26,0.14,0.11,0.32
KR9,Si,ppm,-,-,4.14,0.79,3.55,1.32,2.63
KR9,Sn,ppm,-,-,0.005,0.005,0.005,0.005,0.005
KR9,Sr,ppm,7,-,0.18,0.51,0.38,0.27,0.2
KR9,Temperature,◦C,-,-,16,14.9,19.1,17.9,18.2
KR9,Ti,ppm,0.1,-,0.005,0.005,0.005,0.005,0.005
KR9,Tl,ppm,-,-,0.005,0.005,0.005,0.005,0.005
KR9,TOC,ppm,2,4,1.247,1.202,0.687,0.549,0.994
KR9,Total Soluble Solids,ppm,1000(1500),-,338.5,313,412.8,323.8,402.5
KR9,V,ppm,0.1,0.1,0.005,0.005,0.005,0.005,0.005
KR9,Zn,ppm,3,2,0.005,0.005,0.005,0.005,0.005
KT1,Ag,ppm,-,0.1,0.005,0.005,0.005,0.005,0.005
KT1,Al,ppm,0.1(0.2),5,0.08,0.47,0.21,0.09,0.23
KT1,As,ppm,0.01,0.1,0.005,0.005,0.005,0.005,0.005
KT1,B,ppm,0.5,3,0.005,0.005,0.005,0.005,0.005
KT1,Ba,ppm,0.7,1,0.005,0.005,0.005,0.005,0.005
KT1,Bi,ppm,-,0.5,0.005,0.1,0.005,0.005,0.005
KT1,Br-,ppm,(6)2,-,2.93,4.29,3.6,5.42,4.44
KT1,Ca,ppm,300,-,63.6,65.9,77.5,80.21,87.06
KT1,Cd,ppm,3,0.01,1,1,1,1,1
KT1,Cl-,ppm,250(400),600,100.12,103.5,132.8,84.1,99.8
KT1,Co,ppm,-,0.05,0.005,0.005,0.005,0.005,0.005
KT1,Cr,ppm,0.05,0.1,0.005,0.005,0.005,0.005,0.005
KT1,Cu,ppm,1(2),0.2,0.005,0.005,0.84,0.005,0.12
KT1,Electrical Conductivity,mS.cm-1,1.5,3,1.64,1.3,1.4,1.34,1.19
KT1,F-,ppm,0.5-1.5,1,0.33,0.09,0.41,1.02,0.14
KT1,Fe,ppm,0.3,5,0.19,0.36,0.28,0.36,0.14
KT1,Hg,ppm,6,-,1,1,1,1,1
KT1,K,ppm,12,-,19.2,17.5,18.4,14.8,20.1
KT1,Li,ppm,-,2.5,0.005,0.005,0.005,0.005,0.005
KT1,Mg,ppm,30,100,14.4,17.5,21.4,22.3,18.9
KT1,Mn,ppm,0.1(0.4),0.2,0.005,0.23,0.66,0.03,0.15
KT1,Mo,ppm,0.07,0.01,0.005,0.005,0.005,0.005,0.005
KT1,Na,ppm,200,-,112.1,150.8,106.2,164.2,115.1
KT1,Ni,ppm,0.07,0.2,0.005,0.005,0.005,0.005,0.005
KT1,Opacity,NTU,≤1(5),50,80.29,78.03,84.88,98.92,74.39
KT1,Oxygen Solution,ppm,-,2,1.1,1,0.7,0.9,1.3
KT1,P,ppm,-,-,4.2,1.93,6.02,3.87,5.94
KT1,Pb,ppm,0.01,1,0.005,0.005,0.03,0.03,0.05
KT1,pH,-,6.5-8.5(9),5.4-6.8,8.13,7.81,7.91,7.93,7.78
KT1,Sb,ppm,0.02,-,0.005,0.005,0.005,0.005,0.005
KT1,Se,ppm,0.01,0.02,0.22,0.15,0.85,0.2,0.12
KT1,Si,ppm,-,-,4.54,7.77,7,6.23,9.02
KT1,Sn,ppm,-,-,0.005,0.005,0.005,0.005,0.005
KT1,Sr,ppm,7,-,1.18,1.14,1.21,1.54,0.99
KT1,Temperature,◦C,-,-,16.1,23.4,26.7,24.3,22.02
KT1,Ti,ppm,0.1,-,0.005,0.005,0.005,0.005,0.005
KT1,Tl,ppm,-,-,0.005,0.005,0.005,0.005,0.005
KT1,TOC,ppm,2,4,87.54,98.49,75.77,89.21,68.87
KT1,Total Soluble Solids,ppm,1000(1500),-,1050,833.2,901.12,863.2,799.6
KT1,V,ppm,0.1,0.1,0.42,0.38,0.3,0.29,1.04
KT1,Zn,ppm,3,2,0.005,0.005,0.11,0.005,0.08
KT2,Ag,ppm,-,0.1,0.005,0.005,0.005,0.005,0.005
KT2,Al,ppm,0.1(0.2),5,0.03,0.84,0.15,0.13,0.18
KT2,As,ppm,0.01,0.1,0.005,0.005,0.005,0.005,0.005
KT2,B,ppm,0.5,3,0.005,0.005,0.005,0.005,0.005
KT2,Ba,ppm,0.7,1,0.005,0.005,0.005,0.005,0.005
KT2,Bi,ppm,-,0.5,0.005,0.005,0.005,0.005,0.005
KT2,Br-,ppm,(6)2,-,1.08,4.21,4.59,5.93,3.95
KT2,Ca,ppm,300,-,81.2,71.6,128.1,83.2,84.3
KT2,Cd,ppm,3,0.01,1,1,1,1,1
KT2,Cl-,ppm,250(400),600,119.3,211.9,220.5,80.8,113.3
KT2,Co,ppm,-,0.05,0.005,0.005,0.005,0.005,0.005
KT2,Cr,ppm,0.05,0.1,0.005,0.005,0.005,0.005,0.005
KT2,Cu,ppm,1(2),0.2,0.005,0.005,0.005,0.005,0.005
KT2,Electrical Conductivity,mS.cm-1,1.5,3,1.08,1,1.32,1.12,1.18
KT2,F-,ppm,0.5-1.5,1,0.9,3.45,1.4,1.22,0.88
KT2,Fe,ppm,0.3,5,0.12,0.39,0.13,0.34,0.09
KT2,Hg,ppm,6,-,1,1,1,1,1
KT2,K,ppm,12,-,20.1,13.3,13.1,13.4,17.8
KT2,Li,ppm,-,2.5,0.005,0.005,0.005,0.005,0.005
KT2,Mg,ppm,30,100,16.2,15.5,14.9,26.3,20.1
KT2,Mn,ppm,0.1(0.4),0.2,0.005,0.005,0.03,0.23,0.09
KT2,Mo,ppm,0.07,0.01,0.005,0.005,0.005,0.005,0.005
KT2,Na,ppm,200,-,110.1,132.2,96.2,155.4,117.3
KT2,Ni,ppm,0.07,0.2,0.005,0.005,0.005,0.005,0.005
KT2,Opacity,NTU,≤1(5),50,20.14,18.93,27.34,18.71,22.92
KT2,Oxygen Solution,ppm,-,2,4.1,5.1,4,6,4.8
KT2,P,ppm,-,-,4.2,2.13,3.76,2.07,4.49
KT2,Pb,ppm,0.01,1,0.005,0.005,0.24,0.03,0.28
KT2,pH,-,6.5-8.5(9),5.4-6.8,7.92,7.12,7.43,7.28,7.69
KT2,Sb,ppm,0.02,-,0.005,0.005,0.005,0.005,0.005
KT2,Se,ppm,0.01,0.02,0.04,0.61,0.11,0.17,0.08
KT2,Si,ppm,-,-,5.55,8.09,6.77,6.04,8.81
KT2,Sn,ppm,-,-,0.005,0.005,0.005,0.005,0.005
KT2,Sr,ppm,7,-,0.94,1.16,0.95,0.98,1.13
KT2,Temperature,◦C,-,-,16.7,24.1,24.2,27.5,22.3
KT2,Ti,ppm,0.1,-,0.005,0.005,0.005,0.005,0.005
KT2,Tl,ppm,-,-,0.005,0.005,0.005,0.005,0.005
KT2,TOC,ppm,2,4,10.24,9.949,9.23,11.21,9.412
KT2,Total Soluble Solids,ppm,1000(1500),-,984.2,645.1,847.3,716.8,755.4
KT2,V,ppm,0.1,0.1,0.39,0.05,0.33,0.44,0.91
KT2,Zn,ppm,3,2,0.005,0.005,0.005,0.005,0.005
KT3,Ag,ppm,-,0.1,0.005,0.005,0.005,0.005,0.005
KT3,Al,ppm,0.1(0.2),5,0.18,0.28,0.73,0.17,0.22
KT3,As,ppm,0.01,0.1,0.005,0.005,0.005,0.005,0.005
KT3,B,ppm,0.5,3,0.005,0.005,0.005,0.005,0.005
KT3,Ba,ppm,0.7,1,0.005,0.005,0.005,0.005,0.005
KT3,Bi,ppm,-,0.5,0.005,0.1,0.005,0.005,0.005
KT3,Br-,ppm,(6)2,-,0.005,1.24,0.005,0.005,67
KT3,Ca,ppm,300,-,88.3,112.1,102.3,91.5,76.3
KT3,Cd,ppm,3,0.01,1,1,1,1,1
KT3,Cl-,ppm,250(400),600,145.6,113.2,135.2,159.2,82.8
KT3,Co,ppm,-,0.05,0.005,0.005,0.005,0.005,0.005
KT3,Cr,ppm,0.05,0.1,0.005,0.005,0.005,0.005,0.005
KT3,Cu,ppm,1(2),0.2,0.005,0.005,0.005,0.005,0.005
KT3,Electrical Conductivity,mS.cm-1,1.5,3,1.32,0.92,0.989,1.26,0.949
KT3,F-,ppm,0.5-1.5,1,0.005,0.005,0.005,0.005,0.02
KT3,Fe,ppm,0.3,5,0.005,0.005,0.005,0.29,0.11
KT3,Hg,ppm,6,-,1,1,1,1,1
KT3,K,ppm,12,-,14.2,21.3,16.7,18.8,19.78
KT3,Li,ppm,-,2.5,0.005,0.005,0.005,0.005,0.005
KT3,Mg,ppm,30,100,18.7,14.2,22.5,18,25.4
KT3,Mn,ppm,0.1(0.4),0.2,0.005,0.14,0.34,0.005,0.005
KT3,Mo,ppm,0.07,0.01,0.005,0.005,0.005,0.005,0.005
KT3,Na,ppm,200,-,94.7,111.9,71.8,68.3,74.6
KT3,Ni,ppm,0.07,0.2,0.005,0.005,0.005,0.005,0.005
KT3,Opacity,NTU,≤1(5),50,96.8,67.3,70.13,109.39,90.11
KT3,Oxygen Solution,ppm,-,2,0.8,0.9,1.2,0.7,0.6
KT3,P,ppm,-,-,4.67,1.44,6.82,5.61,3.98
KT3,Pb,ppm,0.01,1,0.005,0.005,0.005,0.005,0.005
KT3,pH,-,6.5-8.5(9),5.4-6.8,7.88,7.93,7.75,8.1,7.63
KT3,Sb,ppm,0.02,-,0.005,0.005,0.005,0.005,0.005
KT3,Se,ppm,0.01,0.02,0.12,0.07,0.97,0.2,0.13
KT3,Si,ppm,-,-,5.87,7.63,10.2,8.23,8.95
KT3,Sn,ppm,-,-,0.005,0.005,0.005,0.005,0.005
KT3,Sr,ppm,7,-,0.89,1.33,1.15,0.95,0.83
KT3,Temperature,◦C,-,-,17.3,22.9,24.3,27.2,18.7
KT3,Ti,ppm,0.1,-,0.005,0.005,0.005,0.005,0.005
KT3,Tl,ppm,-,-,0.005,0.005,0.005,0.005,0.005
KT3,TOC,ppm,2,4,96.32,98.49,67.77,78.21,89.24
KT3,Total Soluble Solids,ppm,1000(1500),-,889.4,833.2,632.9,806.4,615.4
KT3,V,ppm,0.1,0.1,0.005,0.1,0.005,0.94,0.04
KT3,Zn,ppm,3,2,0.005,0.005,0.16,0.005,0.08
KT4,Ag,ppm,-,0.1,0.005,0.005,0.005,0.005,0.005
KT4,Al,ppm,0.1(0.2),5,0.23,0.99,0.15,0.08,0.3
KT4,As,ppm,0.01,0.1,0.005,0.005,0.005,0.005,0.005
KT4,B,ppm,0.5,3,0.005,0.005,0.005,0.005,0.005
KT4,Ba,ppm,0.7,1,0.14,0.12,0.005,0.005,0.005
KT4,Bi,ppm,-,0.5,0.005,0.005,0.005,0.005,0.005
KT4,Br-,ppm,(6)2,-,7.9,61.6,8.1,13.3,40.5
KT4,Ca,ppm,300,-,113.8,103.5,112.3,85.2,70.92
KT4,Cd,ppm,3,0.01,1,1,1,1,1
KT4,Cl-,ppm,250(400),600,187.2,215.8,200,159.3,90.1
KT4,Co,ppm,-,0.05,0.005,0.005,0.005,0.005,0.005
KT4,Cr,ppm,0.05,0.1,0.005,0.005,0.005,0.005,0.005
KT4,Cu,ppm,1(2),0.2,0.005,0.005,0.005,0.005,0.005
KT4,Electrical Conductivity,mS.cm-1,1.5,3,0.96,0.847,1.128,1.21,0.795
KT4,F-,ppm,0.5-1.5,1,0.005,0.005,0.005,0.005,0.005
KT4,Fe,ppm,0.3,5,0.005,0.005,0.005,0.19,0.005
KT4,Hg,ppm,6,-,1,1,1,1,1
KT4,K,ppm,12,-,13.6,15.9,15.7,17.8,20.13
KT4,Li,ppm,-,2.5,0.005,0.005,0.005,0.005,0.005
KT4,Mg,ppm,30,100,22.2,23.3,19.4,18.7,24.3
KT4,Mn,ppm,0.1(0.4),0.2,0.005,0.005,0.005,0.005,0.005
KT4,Mo,ppm,0.07,0.01,0.005,0.005,0.005,0.005,0.005
KT4,Na,ppm,200,-,90.7,83.1,76.6,70.2,68.3
KT4,Ni,ppm,0.07,0.2,0.005,0.005,0.005,0.005,0.005
KT4,Opacity,NTU,≤1(5),50,30.24,47.81,34.37,34.8,42.1
KT4,Oxygen Solution,ppm,-,2,5.6,4.1,4.1,3.9,4.2
KT4,P,ppm,-,-,4.05,3.34,2.23,5.24,3.22
KT4,Pb,ppm,0.01,1,0.005,0.005,0.005,0.005,0.005
KT4,pH,-,6.5-8.5(9),5.4-6.8,7.78,7.63,7.69,8.13,7.81
KT4,Sb,ppm,0.02,-,0.005,0.005,0.005,0.005,0.005
KT4,Se,ppm,0.01,0.02,0.09,0.11,0.13,0.2,0.08
KT4,Si,ppm,-,-,7.88,11.1,9.56,10.43,9.82
KT4,Sn,ppm,-,-,0.005,0.005,0.005,0.005,0.005
KT4,Sr,ppm,7,-,0.96,1.16,1.15,1.21,1.09
KT4,Temperature,◦C,-,-,17.4,24.1,27.1,27.5,19.1
KT4,Ti,ppm,0.1,-,0.005,0.005,0.005,0.005,0.005
KT4,Tl,ppm,-,-,0.005,0.005,0.005,0.005,0.005
KT4,TOC,ppm,2,4,5.149,6.487,3.824,4.178,4.211
KT4,Total Soluble Solids,ppm,1000(1500),-,621,542,721.9,774.4,508.7
KT4,V,ppm,0.1,0.1,0.005,0.1,0.005,0.08,0.04
KT4,Zn,ppm,3,2,0.005,0.29,0.005,0.005,0.08